Age,Gender,Annual Income,Education Level,Health Score,Credit Score,Insurance Duration,Premium Amount,Smoking Status,Exercise Frequency,Marital Status_Divorced,Marital Status_Married,Marital Status_Single,Personal_Score,Health_Score,Other_Score
0.08695652173913049,1.0,20478.0,0.3333333333333333,0.4311930611986517,0.5118829981718463,0.0,490.0,0.0,0.0,False,False,True,0.4734299516908212,0.14373102039955057,0.2559414990859232
0.30434782608695654,0.0,112740.0,0.3333333333333333,0.22494502517710493,0.8208409506398539,0.0,2319.0,0.0,0.6666666666666666,False,True,False,0.21256038647342992,0.2972038972812572,0.4104204753199269
0.7826086956521738,0.0,24958.0,0.6666666666666666,0.14754270992793606,0.5521023765996343,0.0,63.0,0.0,1.0,False,False,True,0.48309178743961345,0.38251423664264533,0.2760511882998172
0.30434782608695654,1.0,13198.0,1.0,0.05696823697509258,0.027422303473491838,0.75,21.0,1.0,0.3333333333333333,False,True,False,0.7681159420289855,0.4634338567694753,0.3887111517367459
0.9565217391304348,1.0,16146.0,0.3333333333333333,0.2376225781114969,0.46435100548446073,0.0,81.0,0.0,0.6666666666666666,True,False,False,0.7632850241545893,0.30142974825938784,0.23217550274223037
0.4347826086956522,1.0,59862.0,1.0,0.3261750592819524,0.5118829981718463,0.75,366.0,0.0,0.0,False,True,False,0.8115942028985508,0.1087250197606508,0.6309414990859232
0.9130434782608696,1.0,7833.0,0.3333333333333333,0.6722922319126792,0.32175502742230344,0.0,1127.0,1.0,0.3333333333333333,False,False,True,0.7487922705314011,0.6685418550820041,0.16087751371115172
0.5869565217391305,1.0,35423.5,1.0,0.165583800374321,0.5009140767824497,1.0,515.0,1.0,0.0,False,True,False,0.8623188405797101,0.38852793345810704,0.7504570383912248
0.21739130434782616,1.0,38022.0,0.0,0.6645044112956051,0.7312614259597806,0.125,2530.0,1.0,0.6666666666666666,False,True,False,0.4057971014492754,0.7770570259874239,0.4281307129798903
0.3913043478260869,0.0,116775.0,0.6666666666666666,0.34295163654748184,0.1882998171846435,0.625,141.0,0.0,0.0,False,True,False,0.35265700483091783,0.11431721218249395,0.40664990859232175
0.28260869565217395,0.0,43064.0,1.0,0.3632780628619428,0.3363802559414991,0.625,316.0,1.0,1.0,False,False,True,0.4275362318840579,0.7877593542873144,0.48069012797074956
0.4347826086956522,1.0,3458.0,0.6666666666666666,0.5706858850069667,0.3747714808043876,0.25,463.0,0.0,0.3333333333333333,False,True,False,0.7004830917874396,0.3013397394467667,0.3123857404021938
0.9130434782608696,1.0,42014.0,0.6666666666666666,0.3709584241966998,0.36197440585009144,0.875,473.0,1.0,1.0,False,False,True,0.859903381642512,0.7903194747322333,0.6184872029250457
0.17391304347826086,0.0,9066.0,0.3333333333333333,0.46980143723613405,0.9122486288848263,0.75,696.0,1.0,0.3333333333333333,False,False,True,0.16908212560386474,0.6010449235231557,0.8311243144424132
0.23913043478260876,0.0,9701.0,0.6666666666666666,0.36966845668423404,0.38391224862888484,0.25,685.0,0.0,0.0,False,False,True,0.30193236714975846,0.12322281889474468,0.3169561243144424
0.043478260869565244,0.0,30560.0,1.0,0.6663105556911941,0.07861060329067648,0.25,260.0,0.0,0.3333333333333333,False,True,False,0.34782608695652173,0.33321462967484244,0.16430530164533824
0.28260869565217395,0.0,37824.0,0.6666666666666666,0.4051709848671142,0.34369287020109696,0.0,999.0,1.0,0.0,False,False,True,0.3164251207729469,0.46839032828903804,0.17184643510054848
0.7608695652173914,1.0,25580.0,0.0,0.2694740754749027,0.5521023765996343,0.125,850.0,1.0,1.0,False,True,False,0.5869565217391305,0.7564913584916342,0.3385511882998172
0.30434782608695654,0.0,89859.0,0.6666666666666666,0.3919126341676615,0.5813528336380257,0.75,1607.0,1.0,1.0,True,False,False,0.32367149758454106,0.7973042113892205,0.6656764168190128
0.5217391304347826,1.0,2788.0,0.0,0.07896973101555942,0.7879341864716637,0.625,507.0,0.0,0.0,False,False,True,0.5072463768115942,0.02632324367185314,0.7064670932358319
0.9782608695652173,1.0,39589.0,1.0,0.5181661770933321,0.32541133455210236,0.625,513.0,1.0,0.0,True,False,False,0.9927536231884058,0.5060553923644441,0.4752056672760512
0.043478260869565244,0.0,2094.0,0.3333333333333333,0.4025698959390897,0.7440585009140769,0.5,36.0,0.0,1.0,False,True,False,0.12560386473429952,0.4675232986463633,0.6220292504570384
0.9782608695652173,0.0,21230.0,0.0,0.4181450087516555,0.9122486288848263,1.0,318.0,1.0,1.0,False,True,False,0.3260869565217391,0.8060483362505518,0.9561243144424132
0.9782608695652173,0.0,384.0,0.6666666666666666,0.24235999486391768,0.6288848263254113,0.75,29.0,0.0,0.0,False,False,True,0.5483091787439612,0.08078666495463922,0.6894424131627057
0.13043478260869568,0.0,14341.0,0.3333333333333333,0.23747182476944984,0.1645338208409507,0.75,613.0,0.0,1.0,False,True,False,0.15458937198067632,0.41249060825648326,0.45726691042047535
0.28260869565217395,1.0,149791.0,1.0,0.5525762117645874,0.009140767824497242,0.5,1253.0,1.0,0.6666666666666666,True,False,False,0.7608695652173912,0.7397476261437513,0.2545703839122486
0.673913043478261,0.0,41065.0,0.3333333333333333,0.34987570519513556,0.6051188299817184,1.0,298.0,1.0,0.0,False,True,False,0.3357487922705314,0.4499585683983785,0.8025594149908593
0.4565217391304348,1.0,88190.0,1.0,0.6177488600068528,0.7349177330895796,0.125,1448.0,1.0,0.0,True,False,False,0.8188405797101449,0.5392496200022843,0.4299588665447898
0.9565217391304348,0.0,1111.0,1.0,0.12890326844708894,0.14990859232175502,0.5,243.0,0.0,1.0,False,True,False,0.6521739130434783,0.376301089482363,0.3249542961608775
0.02173913043478265,1.0,39262.0,0.3333333333333333,0.2885336327302026,0.5612431444241316,0.125,1294.0,1.0,1.0,False,False,True,0.45169082125603865,0.7628445442434009,0.3431215722120658
0.26086956521739135,1.0,31410.0,1.0,0.089689269253481,0.9945155393053017,0.25,1073.0,1.0,0.3333333333333333,False,False,True,0.7536231884057972,0.47434086752893806,0.6222577696526508
0.32608695652173914,1.0,24248.0,0.3333333333333333,0.19510367608558307,0.6764168190127972,0.25,574.0,1.0,0.3333333333333333,False,False,True,0.5531400966183575,0.5094790031396388,0.4632084095063986
0.30434782608695654,1.0,3976.0,0.0,0.6543430979701372,0.042047531992687404,0.5,1573.0,1.0,0.0,False,True,False,0.43478260869565216,0.5514476993233791,0.2710237659963437
0.9347826086956521,1.0,11958.0,0.0,0.08505038674157536,0.40950639853747717,0.25,96.0,1.0,0.6666666666666666,False,False,True,0.644927536231884,0.5839056844694139,0.3297531992687386
0.4347826086956522,0.0,4264.0,0.3333333333333333,0.10613327021382442,0.07312614259597805,0.0,510.0,1.0,0.0,False,True,False,0.2560386473429952,0.36871109007127484,0.036563071297989025
0.23913043478260876,0.0,10656.0,0.0,0.3758433818653333,0.96709323583181,0.375,519.0,0.0,1.0,False,False,True,0.07971014492753625,0.45861446062177774,0.6710466179159049
0.6086956521739131,1.0,82549.0,1.0,0.3948280682226032,0.9579524680073127,0.125,708.0,1.0,0.3333333333333333,False,True,False,0.8695652173913043,0.5760538005186455,0.5414762340036563
0.7608695652173914,0.0,126150.0,0.0,0.41120076822114804,0.2102376599634369,0.875,14.0,1.0,0.3333333333333333,False,False,True,0.2536231884057971,0.5815113671848271,0.5426188299817185
0.6086956521739131,0.0,38028.0,0.6666666666666666,0.28417172626785253,0.36745886654478976,0.625,613.0,1.0,0.0,False,False,True,0.42512077294685985,0.42805724208928414,0.4962294332723949
0.4565217391304348,0.0,4307.0,1.0,0.36283474403973004,0.5648994515539306,0.875,136.0,1.0,0.6666666666666666,True,False,False,0.4855072463768116,0.6765004702354656,0.7199497257769654
0.10869565217391308,1.0,1699.0,1.0,0.3121071055748851,0.5009140767824497,0.625,688.0,0.0,0.3333333333333333,False,False,True,0.7028985507246377,0.21514681296940616,0.5629570383912248
0.08695652173913049,0.0,38706.0,0.6666666666666666,0.24952041471119768,0.8117001828153566,0.875,668.0,1.0,1.0,True,False,False,0.25120772946859904,0.749840138237066,0.8433500914076784
0.21739130434782616,0.0,29061.0,0.0,0.19267245637481217,0.7769652650822668,0.375,167.0,0.0,0.3333333333333333,False,False,True,0.07246376811594206,0.1753352632360485,0.5759826325411335
0.3695652173913043,0.0,85397.0,1.0,0.3285793737877167,0.8427787934186471,0.125,244.0,0.0,1.0,False,True,False,0.45652173913043476,0.44285979126257224,0.48388939670932357
0.5869565217391305,0.0,17538.0,0.0,0.04256627057422651,0.5521023765996343,0.625,262.0,1.0,0.6666666666666666,True,False,False,0.1956521739130435,0.569744312413631,0.5885511882998171
0.7173913043478262,0.0,30221.0,0.6666666666666666,0.3838986918355644,0.7458866544789763,0.125,2033.0,1.0,1.0,False,False,True,0.4613526570048309,0.7946328972785214,0.43544332723948814
0.08695652173913049,0.0,64968.0,1.0,0.2695076809570904,0.10054844606946989,1.0,539.0,0.0,0.3333333333333333,False,True,False,0.36231884057971014,0.20094700476347457,0.5502742230347349
0.4565217391304348,0.0,35423.5,1.0,0.5287274520751244,0.3912248628884827,0.5,394.0,1.0,0.3333333333333333,False,True,False,0.4855072463768116,0.6206869284694859,0.44561243144424134
0.7826086956521738,1.0,73978.0,1.0,0.10614119478600134,0.34552102376599636,0.125,640.0,0.0,0.3333333333333333,True,False,False,0.927536231884058,0.14649150937311153,0.23526051188299818
0.043478260869565244,0.0,57581.0,0.0,0.5026389242232838,0.2687385740402194,0.25,1.0,0.0,0.3333333333333333,True,False,False,0.014492753623188415,0.27865741918553905,0.2593692870201097
0.7173913043478262,1.0,106900.0,0.3333333333333333,0.40167075666563257,0.44972577696526506,0.125,708.0,1.0,0.0,False,True,False,0.6835748792270532,0.4672235855552109,0.28736288848263253
0.26086956521739135,0.0,400.0,0.0,0.6308626665695505,0.21937842778793426,1.0,2216.0,1.0,0.6666666666666666,False,True,False,0.08695652173913045,0.765843111078739,0.6096892138939671
0.3695652173913043,1.0,50930.0,0.6666666666666666,0.042863046323906105,0.5740402193784279,0.25,1068.0,0.0,0.3333333333333333,False,True,False,0.6787439613526569,0.1253987932190798,0.41202010968921393
0.8260869565217392,0.0,51933.0,0.0,0.32141328463677415,0.639853747714808,0.0,793.0,0.0,0.3333333333333333,False,False,True,0.27536231884057977,0.21824887265670248,0.319926873857404
0.5,0.0,35423.5,1.0,0.5346671568222752,0.7111517367458867,1.0,1077.0,1.0,0.3333333333333333,True,False,False,0.5,0.6226668300518695,0.8555758683729433
0.3695652173913043,0.0,1592.0,0.6666666666666666,0.22796775001110942,0.8683729433272395,0.75,801.0,1.0,0.3333333333333333,False,False,True,0.34541062801932365,0.5204336944481476,0.8091864716636197
0.6086956521739131,0.0,304.0,0.6666666666666666,0.13245447794180484,0.3729433272394881,0.0,1187.0,0.0,0.0,False,False,True,0.42512077294685985,0.04415149264726828,0.18647166361974404
0.9782608695652173,0.0,35423.5,0.3333333333333333,0.5275376189882797,0.6453382084095064,0.625,499.0,0.0,0.3333333333333333,False,False,True,0.4371980676328502,0.2869569841072043,0.6351691042047531
0.6304347826086956,0.0,120603.0,0.6666666666666666,0.36273239530486034,0.8007312614259597,0.5,406.0,0.0,0.6666666666666666,False,False,True,0.4323671497584541,0.34313302065717566,0.6503656307129799
0.9782608695652173,0.0,76222.0,0.3333333333333333,0.061861502207328486,0.8117001828153566,1.0,902.0,0.0,0.0,True,False,False,0.4371980676328502,0.020620500735776162,0.9058500914076784
0.4347826086956522,0.0,24866.0,1.0,0.44800698711705406,0.979890310786106,0.5,655.0,1.0,0.6666666666666666,True,False,False,0.47826086956521746,0.7048912179279069,0.739945155393053
0.5434782608695652,0.0,700.0,0.0,0.7038306215920731,0.7897623400365631,1.0,2320.0,0.0,0.6666666666666666,True,False,False,0.18115942028985507,0.45683242941957997,0.8948811700182815
0.5434782608695652,0.0,4861.0,1.0,0.5041531065132463,0.8756855575868373,0.5,1399.0,0.0,0.0,False,False,True,0.5144927536231884,0.16805103550441544,0.6878427787934187
0.8043478260869565,1.0,45099.0,0.6666666666666666,0.12198524530577506,0.5612431444241316,0.5,1167.0,0.0,0.3333333333333333,False,True,False,0.8236714975845411,0.15177285954636946,0.5306215722120657
0.19565217391304346,0.0,3765.0,0.0,0.27570592671483396,0.23948811700182815,0.5,1232.0,0.0,0.0,False,True,False,0.06521739130434782,0.09190197557161132,0.3697440585009141
0.5217391304347826,1.0,33436.0,0.3333333333333333,0.4064209975257722,0.2321755027422303,1.0,423.0,1.0,0.6666666666666666,False,True,False,0.6183574879227053,0.6910292213974797,0.6160877513711152
0.8478260869565217,1.0,64460.0,0.3333333333333333,0.475196227562716,0.8665447897623401,0.875,345.0,0.0,0.6666666666666666,False,False,True,0.7270531400966184,0.38062096474312757,0.8707723948811701
0.5217391304347826,0.0,22853.0,0.0,0.390407641350573,0.8171846435100548,0.375,346.0,1.0,0.3333333333333333,False,True,False,0.17391304347826086,0.5745803248946354,0.5960923217550274
0.6086956521739131,1.0,55784.0,0.3333333333333333,0.28555116685550586,0.5521023765996343,0.25,966.0,0.0,0.6666666666666666,False,False,True,0.6473429951690821,0.31740594450739085,0.4010511882998172
0.0,0.0,13710.0,0.0,0.3686222503026636,0.7440585009140769,0.875,573.0,1.0,1.0,False,True,False,0.0,0.7895407501008879,0.8095292504570384
0.4565217391304348,0.0,1173.0,0.6666666666666666,0.56403920149104,0.32541133455210236,0.0,268.0,0.0,0.3333333333333333,False,True,False,0.37439613526570054,0.2991241782747911,0.16270566727605118
0.8913043478260869,1.0,14913.0,0.6666666666666666,0.6412369530995443,0.7915904936014625,0.5,1206.0,0.0,1.0,False,True,False,0.8526570048309178,0.5470789843665148,0.6457952468007313
0.9347826086956521,1.0,8904.0,0.3333333333333333,0.44281516272967475,0.7714808043875686,0.25,745.0,0.0,0.6666666666666666,False,False,True,0.7560386473429951,0.3698272764654471,0.5107404021937842
0.6521739130434783,1.0,9854.0,0.0,0.3419286150209948,0.19561243144424134,0.5,4070.0,1.0,0.6666666666666666,False,False,True,0.5507246376811594,0.6695317605625538,0.34780621572212067
0.6086956521739131,1.0,13266.0,0.3333333333333333,0.497653558421049,0.5521023765996343,0.625,925.0,0.0,0.6666666666666666,False,True,False,0.6473429951690821,0.3881067416959052,0.5885511882998171
1.0,1.0,33293.0,0.0,0.31754043145204613,0.8683729433272395,0.0,342.0,0.0,1.0,False,True,False,0.6666666666666666,0.43918014381734877,0.43418647166361973
0.8260869565217392,0.0,34961.0,1.0,0.6545476338318053,0.9597806215722121,0.625,760.0,1.0,0.3333333333333333,False,True,False,0.6086956521739131,0.6626269890550461,0.7923903107861061
0.3913043478260869,0.0,33862.0,0.6666666666666666,0.33195970873196107,0.27970749542961615,0.625,1072.0,1.0,0.6666666666666666,False,True,False,0.35265700483091783,0.6662087917995425,0.4523537477148081
0.7826086956521738,0.0,146241.0,0.6666666666666666,0.540117048347255,0.6416819012797076,0.5,88.0,0.0,0.0,False,False,True,0.48309178743961345,0.18003901611575168,0.5708409506398537
0.9565217391304348,1.0,132334.0,0.0,0.08428201585442674,0.3564899451553931,0.0,2968.0,1.0,0.3333333333333333,False,True,False,0.6521739130434783,0.47253844972925335,0.17824497257769656
0.7826086956521738,0.0,18895.0,0.6666666666666666,0.6103418725612473,0.6453382084095064,0.375,1125.0,1.0,0.0,False,True,False,0.48309178743961345,0.5367806241870824,0.5101691042047531
0.19565217391304346,0.0,21891.0,0.3333333333333333,0.23576919944806282,0.6636197440585009,0.25,692.0,0.0,0.3333333333333333,False,True,False,0.17632850241545892,0.18970084426046538,0.45680987202925044
0.8043478260869565,0.0,50092.0,1.0,0.3898705299457437,0.34003656307129804,0.375,1259.0,1.0,0.0,True,False,False,0.6014492753623188,0.46329017664858124,0.357518281535649
1.0,0.0,48084.0,1.0,0.36593573433981325,1.0,0.75,1085.0,1.0,0.6666666666666666,False,True,False,0.6666666666666666,0.6775341336688266,0.875
0.4782608695652174,1.0,2011.0,1.0,0.5869524325087041,0.03290676416819016,0.375,437.0,0.0,0.0,False,True,False,0.8260869565217391,0.1956508108362347,0.20395338208409508
0.19565217391304346,1.0,18443.0,0.6666666666666666,0.6287831744235968,0.03656307129798908,0.375,677.0,0.0,0.0,False,True,False,0.6207729468599034,0.20959439147453227,0.20578153564899454
0.5,1.0,67586.0,0.0,0.36488071079741685,0.9104204753199269,0.125,202.0,0.0,1.0,False,False,True,0.5,0.4549602369324723,0.5177102376599634
0.6086956521739131,0.0,35423.5,1.0,0.030464195918418577,0.7129798903107861,0.5,15.0,0.0,0.3333333333333333,False,False,True,0.5362318840579711,0.1212658430839173,0.6064899451553931
0.043478260869565244,1.0,73155.0,0.0,0.5814324504929202,0.08043875685557589,0.0,350.0,0.0,0.0,False,True,False,0.34782608695652173,0.19381081683097343,0.040219378427787944
0.10869565217391308,0.0,7382.0,1.0,0.620958128104794,0.7074954296160877,0.5,927.0,1.0,1.0,True,False,False,0.3695652173913044,0.8736527093682648,0.6037477148080439
0.3913043478260869,1.0,17498.0,0.6666666666666666,0.14240431580468244,0.1425959780621573,1.0,367.0,1.0,0.3333333333333333,False,False,True,0.6859903381642511,0.4919125497126719,0.5712979890310786
0.26086956521739135,0.0,141689.0,0.3333333333333333,0.455262013864298,0.5521023765996343,0.125,651.0,1.0,0.3333333333333333,True,False,False,0.19806763285024154,0.596198449065877,0.3385511882998172
0.08695652173913049,1.0,30913.0,0.6666666666666666,0.3355686760726091,0.09140767824497265,0.75,1063.0,0.0,0.0,True,False,False,0.5845410628019323,0.11185622535753637,0.4207038391224863
0.5434782608695652,0.0,40869.0,1.0,0.15679924281573474,0.5521023765996343,0.5,1023.0,1.0,0.0,True,False,False,0.5144927536231884,0.3855997476052449,0.5260511882998171
0.4565217391304348,0.0,108975.0,1.0,0.7910122821917045,0.9872029250457038,0.25,1249.0,0.0,1.0,True,False,False,0.4855072463768116,0.5970040940639015,0.618601462522852
0.08695652173913049,0.0,10430.0,0.0,0.6715007419933885,0.5411334552102377,0.625,2620.0,0.0,0.0,True,False,False,0.02898550724637683,0.22383358066446282,0.5830667276051189
0.8695652173913044,0.0,27650.0,0.3333333333333333,0.14400163877015218,0.2705667276051188,0.25,182.0,1.0,0.3333333333333333,False,False,True,0.40096618357487923,0.4924449907011618,0.2602833638025594
0.06521739130434784,0.0,62496.0,0.3333333333333333,0.21938591569765695,0.7477148080438757,0.0,3385.0,0.0,0.3333333333333333,True,False,False,0.13285024154589373,0.18423974967699674,0.37385740402193784
0.7391304347826086,1.0,3027.0,0.3333333333333333,0.7005287296323992,0.17915904936014626,0.0,519.0,0.0,0.3333333333333333,False,False,True,0.6908212560386473,0.3446206876552442,0.08957952468007313
0.3695652173913043,0.0,64381.0,0.3333333333333333,0.4566379579825027,0.6325411334552103,0.625,1401.0,0.0,0.6666666666666666,False,False,True,0.23429951690821257,0.37443487488305643,0.6287705667276051
0.5434782608695652,0.0,36371.0,1.0,0.4629248733771185,0.6691042047531993,0.75,686.0,1.0,0.3333333333333333,False,False,True,0.5144927536231884,0.5987527355701506,0.7095521023765996
0.673913043478261,1.0,43143.0,0.3333333333333333,0.34295163654748184,0.7477148080438757,0.875,378.0,1.0,0.3333333333333333,False,False,True,0.6690821256038647,0.5587616566269383,0.8113574040219378
0.4782608695652174,1.0,48105.0,1.0,0.19639264805921594,0.12797074954296161,0.0,1277.0,1.0,0.6666666666666666,True,False,False,0.8260869565217391,0.6210197715752942,0.06398537477148081
0.6086956521739131,0.0,54500.0,0.0,0.6132254007838351,0.3985374771480804,0.625,4335.0,0.0,0.6666666666666666,False,True,False,0.2028985507246377,0.4266306891501673,0.5117687385740401
0.10869565217391308,1.0,122682.0,0.3333333333333333,0.0,0.4808043875685558,0.375,2555.0,1.0,0.6666666666666666,True,False,False,0.48067632850241543,0.5555555555555555,0.4279021937842779
0.5,1.0,58580.0,1.0,0.30684207146656345,0.4826325411334552,0.25,491.0,1.0,0.6666666666666666,True,False,False,0.8333333333333334,0.6578362460444099,0.3663162705667276
0.8043478260869565,1.0,68496.0,0.0,0.4399670057584502,0.5521023765996343,0.375,1142.0,1.0,1.0,False,True,False,0.6014492753623188,0.8133223352528168,0.4635511882998172
0.5869565217391305,0.0,1788.0,0.6666666666666666,0.47554911099838326,0.7038391224862889,1.0,48.0,0.0,1.0,True,False,False,0.4178743961352657,0.4918497036661278,0.8519195612431445
0.043478260869565244,1.0,34182.0,1.0,0.5083098318275425,0.8519195612431444,0.0,45.0,0.0,1.0,False,False,True,0.6811594202898551,0.5027699439425142,0.4259597806215722
0.673913043478261,0.0,10471.0,0.6666666666666666,0.46051263700329487,0.08775137111517373,0.5,2839.0,0.0,1.0,False,True,False,0.44685990338164255,0.48683754566776494,0.29387568555758686
0.3695652173913043,1.0,33438.0,1.0,0.8958914099172486,0.7184643510054846,0.875,3.0,1.0,0.6666666666666666,False,True,False,0.7898550724637681,0.8541860255279717,0.7967321755027423
0.6304347826086956,0.0,13387.0,0.0,0.299939618520864,0.15356489945155394,0.875,392.0,1.0,0.0,False,True,False,0.21014492753623185,0.43331320617362135,0.514282449725777
0.3695652173913043,0.0,21722.0,1.0,0.05380845894622635,0.5868372943327239,0.625,1397.0,1.0,0.6666666666666666,False,False,True,0.45652173913043476,0.573491708537631,0.605918647166362
0.10869565217391308,1.0,6281.0,1.0,0.1439276489840047,0.2285191956124315,0.125,808.0,1.0,0.0,False,True,False,0.7028985507246377,0.3813092163280016,0.17675959780621575
0.8043478260869565,0.0,80448.0,0.0,0.5816838102115125,0.8263254113345521,0.125,268.0,0.0,0.0,False,False,True,0.26811594202898553,0.1938946034038375,0.47566270566727603
0.7391304347826086,0.0,4576.0,0.6666666666666666,0.517970604328762,0.6892138939670932,0.625,1072.0,0.0,0.0,False,True,False,0.46859903381642515,0.17265686810958733,0.6571069469835467
0.7173913043478262,0.0,41807.0,0.6666666666666666,0.006221805369041801,0.46252285191956133,0.375,2041.0,1.0,0.6666666666666666,False,False,True,0.4613526570048309,0.5576294906785694,0.41876142595978066
0.5869565217391305,1.0,17739.0,1.0,0.5408007157965466,0.051188299817184646,0.0,325.0,0.0,1.0,False,False,True,0.8623188405797101,0.5136002385988488,0.025594149908592323
1.0,0.0,5732.0,0.3333333333333333,0.2620947887522817,0.6453382084095064,0.625,3.0,0.0,1.0,False,False,True,0.4444444444444444,0.42069826291742723,0.6351691042047531
0.0,1.0,29349.0,0.3333333333333333,0.2865222966899312,0.40767824497257776,1.0,1369.0,0.0,0.6666666666666666,True,False,False,0.4444444444444444,0.31772965445219925,0.7038391224862889
0.6304347826086956,1.0,40878.0,1.0,0.08454560553616632,0.8190127970749542,0.625,913.0,1.0,0.0,True,False,False,0.8768115942028984,0.3615152018453888,0.7220063985374772
0.13043478260869568,1.0,4570.0,0.6666666666666666,1.0,0.8921389396709324,0.125,1461.0,0.0,0.6666666666666666,False,False,True,0.5990338164251208,0.5555555555555555,0.5085694698354661
0.4130434782608696,1.0,79157.0,1.0,0.08794564264016284,0.3784277879341865,1.0,391.0,0.0,0.0,True,False,False,0.8043478260869565,0.029315214213387616,0.6892138939670933
0.26086956521739135,0.0,9869.0,1.0,0.5052376895845216,0.8811700182815357,0.5,618.0,0.0,0.6666666666666666,False,False,True,0.4202898550724638,0.3906347854170627,0.6905850091407679
0.9130434782608696,0.0,92386.0,0.6666666666666666,0.4035432146153536,0.9195612431444241,1.0,292.0,0.0,1.0,False,True,False,0.5265700483091788,0.4678477382051178,0.959780621572212
0.3695652173913043,1.0,95240.0,0.0,0.028457624319585047,0.7842778793418647,1.0,1828.0,0.0,0.3333333333333333,False,True,False,0.45652173913043476,0.12059698588430612,0.8921389396709323
0.673913043478261,1.0,9223.0,0.6666666666666666,0.20257893680703415,0.13893967093235837,0.75,152.0,1.0,0.3333333333333333,False,True,False,0.7801932367149759,0.5119707567134558,0.4444698354661792
0.02173913043478265,1.0,1172.0,0.3333333333333333,0.3247400562535166,0.30164533820840955,0.25,573.0,1.0,0.0,False,False,True,0.45169082125603865,0.4415800187511722,0.2758226691042048
1.0,1.0,17322.0,0.0,0.3900801230766654,0.009140767824497242,0.375,177.0,1.0,1.0,True,False,False,0.6666666666666666,0.7966933743588885,0.19207038391224862
0.4782608695652174,0.0,1099.0,1.0,0.13227345171989494,0.5521023765996343,1.0,108.0,1.0,1.0,True,False,False,0.49275362318840576,0.710757817239965,0.7760511882998171
0.673913043478261,1.0,16861.0,0.3333333333333333,0.08288319233988997,0.8190127970749542,0.0,628.0,0.0,0.6666666666666666,False,True,False,0.6690821256038647,0.24984995300218552,0.4095063985374771
0.26086956521739135,1.0,81368.0,0.0,0.21127417564121242,0.5338208409506399,0.875,1156.0,1.0,0.6666666666666666,True,False,False,0.4202898550724638,0.625980280769293,0.7044104204753199
1.0,1.0,15946.0,0.0,0.7614802910051859,0.7714808043875686,0.375,643.0,1.0,0.3333333333333333,True,False,False,0.6666666666666666,0.6982712081128396,0.5732404021937842
0.9347826086956521,1.0,124826.0,0.0,0.10426050607180194,0.49360146252285186,0.75,173.0,1.0,0.3333333333333333,False,True,False,0.644927536231884,0.47919794646837843,0.621800731261426
0.4347826086956522,0.0,67068.0,0.0,0.5846970102606346,0.03290676416819016,0.25,4579.0,1.0,0.6666666666666666,False,True,False,0.14492753623188406,0.7504545589757671,0.14145338208409508
0.9565217391304348,0.0,62302.0,0.6666666666666666,0.34295163654748184,0.6252285191956125,0.625,1214.0,1.0,0.0,True,False,False,0.5410628019323672,0.4476505455158273,0.6251142595978063
0.4347826086956522,1.0,5863.0,0.3333333333333333,0.3524934939980841,0.9853747714808044,0.125,1261.0,0.0,0.0,True,False,False,0.5893719806763286,0.1174978313326947,0.5551873857404022
0.5,1.0,6802.0,1.0,0.37085322351352135,0.7568555758683729,0.125,22.0,1.0,0.0,False,True,False,0.8333333333333334,0.4569510745045071,0.44092778793418647
0.9130434782608696,0.0,6604.0,0.0,0.5986350736816595,0.8976234003656308,0.5,1324.0,0.0,0.3333333333333333,False,False,True,0.30434782608695654,0.3106561356716642,0.6988117001828154
0.8478260869565217,0.0,8092.0,0.6666666666666666,0.19901720502519418,0.5923217550274223,1.0,1479.0,0.0,1.0,False,True,False,0.5048309178743962,0.39967240167506474,0.7961608775137112
0.7826086956521738,1.0,35423.5,0.6666666666666666,0.2651908467065774,0.9250457038391225,0.875,1891.0,1.0,0.6666666666666666,False,False,True,0.8164251207729468,0.643952504457748,0.9000228519195612
0.7391304347826086,0.0,33392.0,0.0,0.4263872156231276,0.5521023765996343,0.875,949.0,0.0,1.0,False,True,False,0.24637681159420288,0.4754624052077092,0.7135511882998171
0.043478260869565244,0.0,46144.0,1.0,0.6766729048043363,0.9012797074954296,0.375,227.0,1.0,0.6666666666666666,True,False,False,0.34782608695652173,0.7811131904903342,0.6381398537477148
0.8260869565217392,1.0,46151.0,1.0,0.12410995644732992,0.014625228519195677,0.75,834.0,1.0,0.6666666666666666,False,True,False,0.9420289855072465,0.5969255410379989,0.38231261425959784
0.02173913043478265,0.0,18800.0,0.0,0.3668301188700009,0.5868372943327239,0.375,1177.0,1.0,0.0,True,False,False,0.007246376811594217,0.45561003962333363,0.48091864716636196
0.6304347826086956,0.0,75088.0,0.0,0.38483172922686193,0.6544789762340036,1.0,160.0,1.0,0.0,False,True,False,0.21014492753623185,0.461610576408954,0.8272394881170018
0.9130434782608696,0.0,1112.0,0.6666666666666666,0.34295163654748184,0.9213893967093235,0.875,1257.0,0.0,0.6666666666666666,True,False,False,0.5265700483091788,0.3365394344047162,0.8981946983546618
0.043478260869565244,0.0,35423.5,0.6666666666666666,0.2646244615469047,0.1645338208409507,0.5,1217.0,1.0,1.0,False,True,False,0.23671497584541065,0.7548748205156349,0.33226691042047535
0.21739130434782616,1.0,32872.0,0.3333333333333333,0.45385709836759824,0.4387568555758684,1.0,1178.0,1.0,0.0,True,False,False,0.5169082125603864,0.48461903278919943,0.7193784277879343
0.21739130434782616,0.0,100277.0,1.0,0.5027485097775821,0.7897623400365631,0.25,806.0,1.0,0.6666666666666666,False,True,False,0.4057971014492754,0.7231383921480828,0.5198811700182815
0.4130434782608696,1.0,81415.0,0.3333333333333333,0.18842515332903317,0.4753199268738574,0.375,456.0,1.0,1.0,False,False,True,0.5821256038647343,0.7294750511096777,0.4251599634369287
0.7173913043478262,1.0,109694.0,0.6666666666666666,0.9921222629938746,0.06032906764168189,0.5,785.0,1.0,0.6666666666666666,False,False,True,0.7946859903381642,0.8862629765535136,0.28016453382084094
0.30434782608695654,1.0,76676.0,1.0,0.25985221423885896,0.3747714808043876,0.25,3135.0,1.0,0.6666666666666666,False,False,True,0.7681159420289855,0.6421729603018419,0.3123857404021938
0.8695652173913044,1.0,25463.0,0.3333333333333333,0.33376534538820996,0.5429616087751371,0.125,446.0,1.0,0.6666666666666666,True,False,False,0.7342995169082126,0.6668106706849589,0.33398080438756855
0.8478260869565217,0.0,42414.0,0.6666666666666666,0.3078550341818278,0.21206581352833642,0.75,538.0,1.0,0.6666666666666666,True,False,False,0.5048309178743962,0.6581739002828314,0.4810329067641682
0.4782608695652174,0.0,41927.0,0.6666666666666666,0.49689078880211973,0.4753199268738574,1.0,1831.0,0.0,0.6666666666666666,False,True,False,0.38164251207729466,0.38785248515626214,0.7376599634369287
0.08695652173913049,1.0,2559.0,0.3333333333333333,0.4474217021956685,0.11334552102376605,0.375,803.0,1.0,0.6666666666666666,False,True,False,0.4734299516908212,0.7046961229541117,0.24417276051188302
0.32608695652173914,1.0,120833.0,1.0,0.04853613928413744,0.8555758683729434,0.0,559.0,0.0,0.0,False,False,True,0.7753623188405797,0.01617871309471248,0.4277879341864717
0.32608695652173914,1.0,36631.0,0.6666666666666666,0.17666738373585256,0.5521023765996343,1.0,2229.0,0.0,0.0,False,False,True,0.6642512077294686,0.058889127911950855,0.7760511882998171
0.8913043478260869,0.0,41764.0,0.0,0.12802254345417782,0.6581352833638027,0.375,355.0,0.0,0.6666666666666666,True,False,False,0.2971014492753623,0.2648964033736148,0.5165676416819014
0.043478260869565244,0.0,22153.0,0.6666666666666666,0.18083327491863843,0.5521023765996343,0.625,51.0,0.0,0.3333333333333333,False,False,True,0.23671497584541065,0.17138886941732392,0.5885511882998171
0.5217391304347826,0.0,21266.0,0.3333333333333333,0.13680598601215493,0.1261425959780622,0.75,273.0,1.0,1.0,False,False,True,0.28502415458937197,0.7122686620040516,0.4380712979890311
0.5217391304347826,0.0,63306.0,0.3333333333333333,0.5582430512902499,0.28519195612431447,0.5,223.0,1.0,0.3333333333333333,False,False,True,0.28502415458937197,0.6305254615411944,0.39259597806215724
0.4565217391304348,1.0,82908.0,0.3333333333333333,0.5174696525062266,0.7184643510054846,0.0,1369.0,1.0,0.3333333333333333,False,False,True,0.5966183574879227,0.6169343286131866,0.3592321755027423
0.9130434782608696,0.0,10795.0,0.3333333333333333,0.1676374625873901,0.11151736745886653,0.875,1854.0,0.0,0.3333333333333333,True,False,False,0.41545893719806765,0.16699026530690783,0.49325868372943327
0.3695652173913043,0.0,28559.0,1.0,0.27406997925684373,0.890310786106033,0.375,165.0,1.0,1.0,False,True,False,0.45652173913043476,0.7580233264189479,0.6326553930530165
0.5652173913043479,1.0,25731.0,0.6666666666666666,0.31088695747768325,0.20475319926873858,0.25,1703.0,1.0,0.6666666666666666,False,False,True,0.7439613526570049,0.65918454138145,0.2273765996343693
0.06521739130434784,0.0,110255.0,1.0,0.599020724618041,0.6855575868372944,0.0,564.0,1.0,0.6666666666666666,False,False,True,0.35507246376811596,0.7552291304282358,0.3427787934186472
0.8260869565217392,0.0,35423.5,0.6666666666666666,0.4737426177837142,0.376599634369287,0.75,2222.0,1.0,0.3333333333333333,False,False,True,0.4975845410628019,0.6023586503723491,0.5632998171846435
0.21739130434782616,0.0,23662.0,0.6666666666666666,0.6451422392880637,0.8080438756855576,0.125,541.0,1.0,0.3333333333333333,False,True,False,0.2946859903381643,0.6594918575404657,0.4665219378427788
0.8478260869565217,0.0,70000.0,0.3333333333333333,0.2803657720679358,0.73308957952468,1.0,4093.0,0.0,0.6666666666666666,False,False,True,0.393719806763285,0.3156774795782008,0.86654478976234
0.28260869565217395,1.0,1649.0,1.0,0.33953710193178344,0.5521023765996343,0.125,60.0,0.0,0.6666666666666666,False,False,True,0.7608695652173912,0.3354012561994833,0.3385511882998172
0.9347826086956521,0.0,31994.0,1.0,0.27987195980006363,0.7879341864716637,0.625,1118.0,0.0,0.0,False,True,False,0.644927536231884,0.09329065326668788,0.7064670932358319
0.9782608695652173,0.0,137077.0,0.0,0.4073246883500189,0.720292504570384,0.25,256.0,1.0,1.0,False,False,True,0.3260869565217391,0.8024415627833396,0.485146252285192
0.32608695652173914,0.0,121966.0,0.6666666666666666,0.4937130877434938,0.7714808043875686,0.875,428.0,0.0,0.3333333333333333,False,False,True,0.33091787439613524,0.2756821403589424,0.8232404021937842
0.9782608695652173,1.0,126196.0,1.0,0.18027526573498667,0.46617915904936014,1.0,3213.0,0.0,0.3333333333333333,False,False,True,0.9927536231884058,0.17120286635610668,0.7330895795246801
0.6086956521739131,1.0,76904.0,0.6666666666666666,0.4362161925186705,0.8939670932358318,0.75,844.0,0.0,0.6666666666666666,False,True,False,0.7584541062801932,0.36762761972844576,0.821983546617916
0.5434782608695652,1.0,39115.0,0.3333333333333333,0.20637191056925244,0.3382084095063985,0.625,421.0,0.0,1.0,True,False,False,0.6256038647342995,0.4021239701897508,0.48160420475319926
0.8043478260869565,0.0,41179.0,1.0,0.18941350648441602,1.0,0.25,1524.0,0.0,0.6666666666666666,False,True,False,0.6014492753623188,0.28536005771702755,0.625
0.28260869565217395,1.0,40706.0,1.0,0.10804102010236069,0.6142595978062156,0.125,1109.0,0.0,0.0,True,False,False,0.7608695652173912,0.036013673367453564,0.3696297989031078
0.8478260869565217,1.0,41930.0,0.0,0.40127609885754467,0.8117001828153566,0.5,1006.0,1.0,0.6666666666666666,True,False,False,0.6159420289855072,0.689314255174737,0.6558500914076784
1.0,0.0,35423.5,0.0,0.16071972162476766,0.5868372943327239,0.125,996.0,1.0,0.3333333333333333,False,True,False,0.3333333333333333,0.4980176849860336,0.35591864716636196
0.6086956521739131,1.0,93253.0,0.6666666666666666,0.052028999332341896,0.2687385740402194,0.125,2861.0,0.0,0.6666666666666666,False,True,False,0.7584541062801932,0.23956522199966948,0.1968692870201097
0.06521739130434784,1.0,55637.0,0.3333333333333333,0.12216509070070378,0.5521023765996343,0.375,1639.0,0.0,1.0,True,False,False,0.46618357487922707,0.3740550302335679,0.4635511882998172
0.7391304347826086,1.0,11501.0,0.0,0.2766800312284941,0.9287020109689214,1.0,2721.0,1.0,1.0,False,False,True,0.5797101449275363,0.7588933437428315,0.9643510054844606
0.5434782608695652,1.0,41970.0,0.0,0.34295163654748184,0.736745886654479,1.0,341.0,0.0,0.0,False,True,False,0.5144927536231884,0.11431721218249395,0.8683729433272396
0.5652173913043479,0.0,141913.0,0.0,0.06860641767814739,0.8299817184643511,0.375,3746.0,1.0,1.0,False,True,False,0.1884057971014493,0.6895354725593825,0.6024908592321756
0.4565217391304348,0.0,60320.0,0.0,0.13595093783551107,0.7568555758683729,0.5,1350.0,0.0,0.6666666666666666,False,True,False,0.15217391304347827,0.2675392015007259,0.6284277879341864
0.5434782608695652,0.0,58757.0,0.3333333333333333,0.3105281312538262,0.6234003656307131,0.875,3027.0,0.0,0.3333333333333333,False,False,True,0.29227053140096615,0.21462048819571986,0.7492001828153565
0.5217391304347826,0.0,76060.0,0.6666666666666666,0.26951019242327867,1.0,0.625,787.0,0.0,0.0,True,False,False,0.3961352657004831,0.08983673080775956,0.8125
0.13043478260869568,1.0,73130.0,0.0,0.39552800721492054,0.5045703839122487,0.875,828.0,1.0,0.3333333333333333,False,True,False,0.3768115942028986,0.5762871135160846,0.6897851919561244
0.13043478260869568,0.0,54409.0,0.3333333333333333,0.32058480393389344,0.5521023765996343,0.875,1746.0,0.0,0.0,False,True,False,0.15458937198067632,0.10686160131129781,0.7135511882998171
0.4565217391304348,1.0,61249.0,0.3333333333333333,0.3478737148502098,0.6581352833638027,0.0,3.0,1.0,0.6666666666666666,False,True,False,0.5966183574879227,0.6715134605056253,0.32906764168190134
0.02173913043478265,0.0,25464.0,1.0,0.10077948878009761,0.5502742230347349,0.625,7.0,0.0,1.0,False,True,False,0.34057971014492755,0.36692649626003254,0.5876371115173675
0.9565217391304348,1.0,2303.0,1.0,0.28482968354755117,0.42961608775137117,0.5,2426.0,1.0,1.0,True,False,False,0.9855072463768115,0.7616098945158504,0.4648080438756856
0.6956521739130435,1.0,35423.5,0.3333333333333333,0.41401941072861825,0.30530164533820847,0.875,216.0,1.0,1.0,False,False,True,0.6763285024154589,0.8046731369095395,0.5901508226691042
0.9782608695652173,0.0,52304.0,0.6666666666666666,0.35641750291606167,0.2504570383912249,0.75,551.0,0.0,0.3333333333333333,False,False,True,0.5483091787439612,0.22991694541646499,0.5002285191956124
0.5652173913043479,0.0,132786.0,0.6666666666666666,0.09167127910869051,0.9616087751371115,0.625,535.0,1.0,1.0,False,False,True,0.41062801932367154,0.6972237597028969,0.7933043875685557
0.17391304347826086,1.0,853.0,0.6666666666666666,0.4612862435029046,0.7294332723948812,0.125,642.0,1.0,0.3333333333333333,False,False,True,0.6135265700483091,0.5982065256120793,0.4272166361974406
0.9782608695652173,1.0,59353.0,0.0,0.2300759056678986,0.8281535648994515,0.0,164.0,0.0,1.0,False,True,False,0.6594202898550724,0.4100253018892996,0.41407678244972573
0.3913043478260869,1.0,36923.0,0.6666666666666666,0.4817750918781087,0.8994515539305302,1.0,597.0,0.0,0.6666666666666666,True,False,False,0.6859903381642511,0.3828139195149251,0.9497257769652652
0.9565217391304348,0.0,37814.0,1.0,0.12927461411464078,0.21755027422303475,0.375,605.0,0.0,0.0,False,True,False,0.6521739130434783,0.04309153803821359,0.2962751371115174
0.4347826086956522,1.0,15467.0,0.0,0.3651675320759692,0.8519195612431444,0.5,29.0,0.0,0.6666666666666666,False,False,True,0.47826086956521746,0.34394473291421196,0.6759597806215722
0.34782608695652173,1.0,122848.0,0.0,0.33300703999720616,0.3071297989031079,1.0,924.0,0.0,1.0,True,False,False,0.4492753623188406,0.44433567999906876,0.6535648994515539
0.4347826086956522,0.0,78844.0,1.0,0.2920645791352261,0.8391224862888483,0.625,285.0,1.0,0.6666666666666666,False,False,True,0.47826086956521746,0.6529104152672975,0.7320612431444242
0.34782608695652173,0.0,25690.0,0.3333333333333333,0.0881717032759885,0.6672760511882999,0.75,805.0,1.0,0.6666666666666666,True,False,False,0.22705314009661834,0.5849461233142184,0.70863802559415
0.6304347826086956,1.0,27466.0,0.0,0.26045376901596495,0.04387568555758681,0.625,768.0,1.0,0.6666666666666666,True,False,False,0.5434782608695652,0.6423734785608771,0.3344378427787934
0.19565217391304346,0.0,18223.0,0.0,0.39819215808377745,0.8409506398537477,0.75,2247.0,0.0,0.6666666666666666,True,False,False,0.06521739130434782,0.35495294158348134,0.7954753199268738
0.8260869565217392,1.0,57563.0,0.3333333333333333,0.20977156776147124,0.8482632541133456,0.375,62.0,1.0,0.6666666666666666,True,False,False,0.7198067632850242,0.6254794114760459,0.6116316270566728
0.28260869565217395,1.0,98799.0,0.0,0.24995585465843634,0.1444241316270567,0.625,819.0,0.0,1.0,False,True,False,0.4275362318840579,0.41665195155281215,0.38471206581352835
0.6521739130434783,1.0,18064.0,1.0,0.5341038462305538,0.06764168190127973,0.0,2292.0,1.0,1.0,True,False,False,0.8840579710144928,0.8447012820768514,0.03382084095063986
0.23913043478260876,0.0,20055.0,1.0,0.39414645518637964,0.5411334552102377,0.375,678.0,0.0,0.6666666666666666,False,True,False,0.4130434782608696,0.35360437395101546,0.45806672760511885
0.17391304347826086,0.0,58259.0,1.0,0.4122715255747081,0.5886654478976233,0.5,829.0,1.0,1.0,False,True,False,0.3913043478260869,0.8040905085249027,0.5443327239488116
0.5434782608695652,1.0,17000.0,0.6666666666666666,0.2427517488503338,0.26325411334552107,0.75,1729.0,1.0,0.0,False,True,False,0.7367149758454107,0.4142505829501113,0.5066270566727605
0.8043478260869565,1.0,25651.0,0.6666666666666666,0.075999356050946,0.7531992687385741,0.375,371.0,0.0,0.6666666666666666,False,False,True,0.8236714975845411,0.24755534090587086,0.564099634369287
0.8478260869565217,1.0,8956.0,0.3333333333333333,0.2507816898841098,0.5521023765996343,1.0,3130.0,0.0,0.6666666666666666,False,False,True,0.7270531400966184,0.30581611885025883,0.7760511882998171
0.28260869565217395,1.0,86219.0,0.0,0.7255071459945204,0.001828153564899515,0.375,147.0,0.0,0.0,False,False,True,0.4275362318840579,0.2418357153315068,0.18841407678244976
0.8913043478260869,0.0,51914.0,0.6666666666666666,0.4638105779503641,0.9305301645338208,1.0,1001.0,0.0,0.3333333333333333,False,True,False,0.5193236714975845,0.26571463709456583,0.9652650822669104
0.8043478260869565,0.0,26390.0,0.0,0.34295163654748184,0.643510054844607,0.75,182.0,0.0,0.0,False,True,False,0.26811594202898553,0.11431721218249395,0.6967550274223036
0.26086956521739135,0.0,50317.0,1.0,0.32087924073995727,0.720292504570384,0.625,894.0,0.0,0.0,True,False,False,0.4202898550724638,0.1069597469133191,0.6726462522851919
0.0,1.0,32493.0,0.3333333333333333,0.07282949840008947,0.5740402193784279,0.875,317.0,0.0,1.0,True,False,False,0.4444444444444444,0.35760983280002984,0.724520109689214
0.0,0.0,78382.0,0.6666666666666666,0.6302661802084288,0.3290676416819013,0.0,937.0,0.0,0.0,True,False,False,0.2222222222222222,0.21008872673614296,0.16453382084095064
0.4347826086956522,1.0,71852.0,0.0,0.3538255333882346,0.6416819012797076,0.0,2623.0,0.0,1.0,False,False,True,0.47826086956521746,0.4512751777960782,0.3208409506398538
0.5652173913043479,0.0,115245.0,1.0,0.29015865503710403,0.19561243144424134,0.875,4598.0,0.0,0.3333333333333333,False,False,True,0.5217391304347826,0.20783066279014575,0.5353062157221207
0.5217391304347826,0.0,81277.0,0.0,0.3474840914110293,0.7257769652650822,0.25,57.0,1.0,0.3333333333333333,False,True,False,0.17391304347826086,0.5602724749147875,0.4878884826325411
0.4565217391304348,1.0,2879.0,0.3333333333333333,0.3852855421110447,0.9287020109689214,0.0,928.0,0.0,1.0,False,False,True,0.5966183574879227,0.4617618473703482,0.4643510054844607
0.6304347826086956,0.0,26859.0,0.3333333333333333,0.4852698633708906,0.5521023765996343,0.5,97.0,0.0,0.0,False,True,False,0.3212560386473429,0.1617566211236302,0.5260511882998171
0.9130434782608696,1.0,53223.0,0.0,0.31421035466201896,0.5521023765996343,1.0,846.0,0.0,0.0,True,False,False,0.6376811594202899,0.10473678488733966,0.7760511882998171
0.5217391304347826,0.0,35423.5,0.3333333333333333,0.7144949201247208,0.03656307129798908,0.375,470.0,0.0,0.0,True,False,False,0.28502415458937197,0.23816497337490694,0.20578153564899454
0.3695652173913043,0.0,685.0,0.6666666666666666,0.04823484682818072,0.8372943327239489,0.0,1519.0,0.0,1.0,False,False,True,0.34541062801932365,0.3494116156093936,0.41864716636197447
0.23913043478260876,1.0,24628.0,0.0,0.12513975373483463,0.13528336380255945,1.0,10.0,1.0,0.0,False,False,True,0.4130434782608696,0.3750465845782782,0.5676416819012797
0.4782608695652174,1.0,28986.0,0.6666666666666666,0.27219252840474895,0.16270566727605118,0.875,1416.0,0.0,0.6666666666666666,False,False,True,0.714975845410628,0.3129530650238052,0.5188528336380256
0.5217391304347826,0.0,145257.0,1.0,0.46035267936772056,0.5521023765996343,1.0,1411.0,0.0,1.0,False,True,False,0.5072463768115942,0.48678422645590685,0.7760511882998171
0.32608695652173914,0.0,62325.0,0.0,0.10224958055091796,0.8336380255941499,1.0,1019.0,0.0,0.0,False,False,True,0.10869565217391304,0.03408319351697265,0.916819012797075
0.043478260869565244,1.0,60523.0,0.6666666666666666,0.4533378934970205,0.012797074954296161,0.125,120.0,0.0,0.0,False,True,False,0.5700483091787439,0.1511126311656735,0.06889853747714808
0.02173913043478265,0.0,75643.0,0.6666666666666666,0.16290996521888754,0.6709323583180987,0.25,2287.0,1.0,0.6666666666666666,True,False,False,0.22946859903381642,0.6098588772951846,0.46046617915904936
0.6956521739130435,1.0,10904.0,0.3333333333333333,0.503860377146359,0.7861060329067643,0.25,728.0,0.0,1.0,True,False,False,0.6763285024154589,0.5012867923821197,0.5180530164533821
0.6086956521739131,1.0,9120.0,0.0,0.4811867709054925,0.5758683729433273,0.5,982.0,1.0,1.0,False,False,True,0.5362318840579711,0.8270622569684974,0.5379341864716636
0.4347826086956522,1.0,25992.0,0.0,0.5823185852145598,0.5009140767824497,1.0,342.0,0.0,0.3333333333333333,False,False,True,0.47826086956521746,0.30521730618263104,0.7504570383912248
0.5434782608695652,1.0,109627.0,0.3333333333333333,0.14656819136283616,0.3327239488117002,0.5,2699.0,1.0,0.0,False,True,False,0.6256038647342995,0.38218939712094535,0.4163619744058501
0.5434782608695652,0.0,114290.0,1.0,0.19925809206802142,0.23948811700182815,0.5,685.0,1.0,1.0,True,False,False,0.5144927536231884,0.7330860306893405,0.3697440585009141
0.7173913043478262,1.0,28353.0,0.3333333333333333,0.2679359451930664,0.9195612431444241,0.75,2480.0,1.0,1.0,False,False,True,0.6835748792270532,0.7559786483976888,0.834780621572212
0.8913043478260869,0.0,118473.0,0.6666666666666666,0.36588894955717094,0.9067641681901281,0.625,168.0,0.0,1.0,False,True,False,0.5193236714975845,0.45529631651905694,0.765882084095064
0.17391304347826086,1.0,62127.0,0.6666666666666666,0.2728846733627436,0.1243144424131627,0.875,1808.0,1.0,0.6666666666666666,False,True,False,0.6135265700483091,0.6465171133431368,0.49965722120658135
0.4565217391304348,0.0,139245.0,0.6666666666666666,0.4912728277761362,0.8025594149908591,1.0,1144.0,1.0,0.6666666666666666,False,False,True,0.37439613526570054,0.7193131648142675,0.9012797074954295
0.28260869565217395,1.0,39613.0,0.6666666666666666,0.27445933429412217,0.5521023765996343,0.5,580.0,1.0,0.3333333333333333,False,False,True,0.6497584541062801,0.5359308892091518,0.5260511882998171
0.8695652173913044,1.0,10179.0,0.0,0.10325984959837005,0.38939670932358317,0.375,154.0,1.0,0.6666666666666666,False,False,True,0.6231884057971014,0.5899755054216789,0.3821983546617916
0.8913043478260869,1.0,31171.0,1.0,0.3143887314978257,0.0,0.625,1004.0,1.0,0.0,False,False,True,0.9637681159420289,0.4381295771659419,0.3125
0.30434782608695654,0.0,3266.0,0.0,0.15052400692184562,0.44789762340036565,0.25,1206.0,1.0,1.0,True,False,False,0.10144927536231885,0.7168413356406153,0.3489488117001828
0.673913043478261,0.0,35423.5,0.0,0.1325117550839579,0.9707495429616088,0.375,167.0,1.0,0.0,False,True,False,0.22463768115942032,0.3775039183613193,0.6728747714808043
0.7826086956521738,1.0,126517.0,1.0,0.3262288079739963,0.6179159049360147,0.125,83.0,1.0,0.6666666666666666,False,False,True,0.927536231884058,0.6642984915468876,0.37145795246800734
0.673913043478261,1.0,93963.0,0.3333333333333333,0.6550409269388173,0.8811700182815357,0.625,635.0,0.0,0.0,False,True,False,0.6690821256038647,0.21834697564627245,0.7530850091407679
0.7826086956521738,1.0,7502.0,1.0,0.2598053659088889,0.639853747714808,1.0,3064.0,1.0,0.0,False,False,True,0.927536231884058,0.4199351219696297,0.8199268738574039
0.15217391304347827,1.0,5143.0,0.3333333333333333,0.13140071409334908,0.9250457038391225,0.75,1443.0,1.0,1.0,True,False,False,0.49516908212560384,0.7104669046977831,0.8375228519195612
0.5217391304347826,1.0,98825.0,0.3333333333333333,0.34295163654748184,0.5319926873857405,0.75,1966.0,0.0,0.0,False,True,False,0.6183574879227053,0.11431721218249395,0.6409963436928703
0.8260869565217392,0.0,21575.0,0.6666666666666666,0.27543544848599893,0.8427787934186471,1.0,437.0,1.0,0.0,False,False,True,0.4975845410628019,0.42514514949533294,0.9213893967093236
0.5434782608695652,1.0,21482.0,0.3333333333333333,0.331446443984344,0.23583180987202923,0.75,188.0,0.0,0.6666666666666666,True,False,False,0.6256038647342995,0.33270437021700355,0.4929159049360146
0.08695652173913049,1.0,21008.0,0.6666666666666666,0.08827520455058978,0.6215722120658135,0.25,532.0,1.0,0.3333333333333333,False,False,True,0.5845410628019323,0.47386951262797433,0.43578610603290674
0.9347826086956521,1.0,90783.0,1.0,0.8403212197525394,0.643510054844607,0.0,1452.0,1.0,0.0,True,False,False,0.9782608695652174,0.6134404065841798,0.3217550274223035
0.02173913043478265,1.0,100739.0,1.0,0.3821345998095209,0.18281535648994518,0.875,926.0,0.0,0.3333333333333333,False,True,False,0.6739130434782609,0.23848931104761806,0.5289076782449726
0.9565217391304348,0.0,3344.0,1.0,0.15852477379015245,0.3784277879341865,1.0,108.0,0.0,0.3333333333333333,False,False,True,0.6521739130434783,0.16395270237449525,0.6892138939670933
0.3913043478260869,1.0,7526.0,0.0,0.2977566645466625,0.26508226691042047,0.375,821.0,1.0,0.6666666666666666,False,False,True,0.463768115942029,0.6548077770711097,0.32004113345521024
0.26086956521739135,1.0,6672.0,0.3333333333333333,0.20303308415784763,0.10237659963436929,0.375,1075.0,0.0,0.3333333333333333,False,True,False,0.5314009661835749,0.17878880583039367,0.23868829981718465
1.0,0.0,35423.5,0.3333333333333333,0.695276108463053,0.8025594149908591,0.625,921.0,1.0,0.0,False,True,False,0.4444444444444444,0.565092036154351,0.7137797074954295
0.28260869565217395,0.0,12946.0,0.6666666666666666,0.27593074282308416,0.8153564899451554,1.0,681.0,1.0,0.6666666666666666,False,True,False,0.3164251207729469,0.6475324698299169,0.9076782449725778
0.10869565217391308,0.0,17263.0,0.3333333333333333,0.1578980955901025,0.6782449725776966,0.5,2291.0,1.0,0.6666666666666666,True,False,False,0.14734299516908214,0.6081882540855897,0.5891224862888482
0.15217391304347827,0.0,39254.0,0.6666666666666666,0.29804362882984076,0.5502742230347349,0.5,739.0,0.0,1.0,True,False,False,0.27294685990338163,0.4326812096099469,0.5251371115173675
0.8478260869565217,1.0,2856.0,0.0,0.47909230829005545,0.7038391224862889,0.375,690.0,1.0,0.6666666666666666,False,False,True,0.6159420289855072,0.7152529916522407,0.5394195612431445
0.3913043478260869,1.0,43898.0,1.0,0.3666135339425416,0.5082266910420475,0.75,1037.0,0.0,0.6666666666666666,False,True,False,0.7971014492753623,0.3444267335364028,0.6291133455210238
1.0,1.0,3127.0,0.6666666666666666,0.15104869909240828,0.23948811700182815,0.375,1471.0,1.0,0.6666666666666666,False,True,False,0.8888888888888888,0.6059051219196916,0.3072440585009141
0.7391304347826086,1.0,69103.0,0.3333333333333333,0.17864266423367578,0.4972577696526509,0.625,248.0,1.0,0.6666666666666666,True,False,False,0.6908212560386473,0.6151031103001141,0.5611288848263254
0.9347826086956521,0.0,52508.0,0.0,0.28071561279550516,0.9378427787934186,0.25,662.0,0.0,0.0,False,False,True,0.3115942028985507,0.09357187093183505,0.5939213893967092
0.5434782608695652,0.0,115081.0,0.3333333333333333,0.3158795208230387,0.7294332723948812,0.125,1258.0,1.0,0.6666666666666666,False,False,True,0.29227053140096615,0.6608487291632351,0.4272166361974406
0.5217391304347826,0.0,1388.0,0.3333333333333333,0.07249720936429503,0.6636197440585009,0.125,271.0,1.0,0.0,False,True,False,0.28502415458937197,0.35749906978809837,0.39430987202925044
0.0,1.0,30726.0,1.0,0.37715388454424736,0.5521023765996343,0.75,1430.0,0.0,0.3333333333333333,False,True,False,0.6666666666666666,0.23682907262586025,0.6510511882998171
0.8695652173913044,1.0,38003.0,0.6666666666666666,0.23592658003657863,0.5521023765996343,0.125,3813.0,0.0,0.3333333333333333,True,False,False,0.8454106280193238,0.1897533044566373,0.3385511882998172
0.6086956521739131,0.0,20623.0,0.6666666666666666,0.2861931660241258,0.5521023765996343,0.75,1939.0,1.0,1.0,False,False,True,0.42512077294685985,0.7620643886747086,0.6510511882998171
0.10869565217391308,0.0,38598.0,0.0,0.07024624246366544,0.6873857404021938,0.375,238.0,0.0,0.3333333333333333,False,True,False,0.03623188405797103,0.13452652526566625,0.5311928702010968
0.02173913043478265,1.0,66079.0,0.6666666666666666,0.32231990571719416,0.8720292504570385,0.625,1216.0,1.0,0.6666666666666666,False,False,True,0.5628019323671497,0.6629955241279536,0.7485146252285193
0.9347826086956521,1.0,2077.0,0.6666666666666666,0.20946534297790534,0.680073126142596,0.5,1403.0,1.0,0.0,False,False,True,0.8671497584541062,0.40315511432596846,0.590036563071298
0.19565217391304346,1.0,47171.0,1.0,0.33411277599905703,0.43144424131627057,0.0,147.0,0.0,0.0,False,False,True,0.7318840579710145,0.11137092533301901,0.21572212065813529
0.5217391304347826,1.0,55491.0,0.6666666666666666,0.3917256900489466,0.3272394881170019,0.25,23.0,1.0,0.3333333333333333,False,True,False,0.7294685990338164,0.57501967446076,0.28861974405850094
1.0,0.0,28039.0,1.0,0.2811400906051995,0.18464351005484458,0.0,529.0,0.0,0.0,False,False,True,0.6666666666666666,0.0937133635350665,0.09232175502742229
0.7391304347826086,0.0,52628.0,1.0,0.15178946438097485,0.19012797074954302,0.75,604.0,1.0,0.0,False,True,False,0.5797101449275363,0.383929821460325,0.4700639853747715
0.26086956521739135,1.0,4029.0,1.0,0.48228575147607483,0.8354661791590493,0.125,1026.0,0.0,1.0,False,False,True,0.7536231884057972,0.4940952504920249,0.48023308957952465
0.7391304347826086,1.0,19693.0,0.6666666666666666,0.1129897624391707,0.11334552102376605,0.75,521.0,1.0,0.3333333333333333,False,True,False,0.8019323671497585,0.48210769859083463,0.431672760511883
0.8695652173913044,1.0,6070.0,0.0,0.7116619195670402,0.2687385740402194,0.875,1319.0,1.0,0.3333333333333333,True,False,False,0.6231884057971014,0.6816650843001245,0.5718692870201096
0.5217391304347826,0.0,119520.0,0.3333333333333333,0.3226148546780641,0.6471663619744058,0.125,1201.0,1.0,1.0,True,False,False,0.28502415458937197,0.7742049515593546,0.3860831809872029
0.673913043478261,0.0,22803.0,0.6666666666666666,0.3720284386274209,0.7623400365630714,0.875,1993.0,0.0,0.0,False,True,False,0.44685990338164255,0.12400947954247364,0.8186700182815356
0.26086956521739135,1.0,49125.0,0.3333333333333333,0.07205950620395987,0.7861060329067643,0.25,767.0,0.0,1.0,False,True,False,0.5314009661835749,0.35735316873465334,0.5180530164533821
0.32608695652173914,1.0,40408.0,1.0,0.34295163654748184,0.5009140767824497,0.125,712.0,1.0,0.3333333333333333,True,False,False,0.7753623188405797,0.5587616566269383,0.31295703839122485
0.23913043478260876,0.0,138885.0,1.0,0.3812039001494053,0.7020109689213895,0.875,132.0,1.0,0.3333333333333333,False,False,True,0.4130434782608696,0.5715124111609128,0.7885054844606947
0.3695652173913043,1.0,5678.0,0.6666666666666666,0.02342043992786156,0.9488117001828155,0.125,2027.0,1.0,1.0,False,False,True,0.6787439613526569,0.6744734799759539,0.5369058500914077
0.32608695652173914,0.0,7457.0,0.3333333333333333,0.4456317024408813,0.44424131627056673,0.125,869.0,0.0,1.0,True,False,False,0.21980676328502416,0.48187723414696043,0.28462065813528337
0.3913043478260869,1.0,3092.0,0.3333333333333333,0.41597525818769127,0.680073126142596,0.5,203.0,0.0,0.6666666666666666,False,True,False,0.5748792270531401,0.36088064161811934,0.590036563071298
0.21739130434782616,0.0,15312.0,0.3333333333333333,0.19124708014307362,0.5063985374771481,0.5,2317.0,0.0,0.0,False,False,True,0.18357487922705315,0.06374902671435788,0.503199268738574
0.26086956521739135,1.0,22989.0,1.0,0.14901716338896867,0.10054844606946989,0.125,2717.0,1.0,0.3333333333333333,False,True,False,0.7536231884057972,0.49411683224076736,0.11277422303473494
0.15217391304347827,1.0,118129.0,0.6666666666666666,0.4896341537339142,0.3930530164533821,0.625,843.0,0.0,0.0,False,True,False,0.606280193236715,0.1632113845779714,0.509026508226691
0.6956521739130435,0.0,113346.0,0.0,0.23354292137827948,0.34003656307129804,0.75,662.0,0.0,1.0,False,True,False,0.2318840579710145,0.4111809737927598,0.545018281535649
0.8695652173913044,0.0,21868.0,1.0,0.34295163654748184,0.10420475319926881,0.75,248.0,0.0,0.3333333333333333,False,True,False,0.6231884057971014,0.22542832329360504,0.4271023765996344
0.15217391304347827,1.0,18535.0,0.6666666666666666,0.5240127748424479,0.8354661791590493,0.125,1642.0,0.0,0.3333333333333333,True,False,False,0.606280193236715,0.2857820360585937,0.48023308957952465
0.02173913043478265,0.0,35423.5,1.0,0.49973077865901977,0.5685557586837294,0.125,391.0,0.0,0.6666666666666666,True,False,False,0.34057971014492755,0.3887991484418955,0.3467778793418647
0.9130434782608696,0.0,35423.5,0.6666666666666666,0.17502120953819933,0.7495429616087751,0.5,47.0,0.0,0.6666666666666666,False,False,True,0.5265700483091788,0.28056262540162197,0.6247714808043876
0.8260869565217392,1.0,5612.0,0.6666666666666666,0.31234534380154105,0.5118829981718463,0.625,395.0,0.0,0.0,False,False,True,0.8309178743961353,0.10411511460051369,0.5684414990859232
0.6086956521739131,0.0,2846.0,1.0,0.38084875959295533,0.24131627056672766,0.875,697.0,1.0,0.3333333333333333,False,False,True,0.5362318840579711,0.5713940309754295,0.5581581352833638
0.8043478260869565,0.0,10470.0,0.0,0.36958707166684457,0.5886654478976233,0.875,212.0,1.0,0.0,False,True,False,0.26811594202898553,0.45652902388894817,0.7318327239488116
0.9130434782608696,0.0,10293.0,1.0,0.6178440113981098,0.2285191956124315,0.5,1127.0,1.0,0.6666666666666666,False,False,True,0.6376811594202899,0.7615035593549254,0.36425959780621575
0.19565217391304346,1.0,59039.0,0.6666666666666666,0.4541024633445535,0.20292504570383918,0.75,482.0,0.0,0.0,True,False,False,0.6207729468599034,0.15136748778151785,0.4764625228519196
0.6086956521739131,0.0,35423.5,1.0,0.34295163654748184,0.5521023765996343,0.75,441.0,0.0,0.0,False,True,False,0.5362318840579711,0.11431721218249395,0.6510511882998171
0.3695652173913043,0.0,4262.0,0.6666666666666666,0.40328763905123405,0.246800731261426,0.625,1028.0,0.0,0.6666666666666666,True,False,False,0.34541062801932365,0.3566514352393002,0.435900365630713
0.21739130434782616,0.0,90469.0,0.6666666666666666,0.31116228476459973,0.32175502742230344,0.625,214.0,1.0,0.3333333333333333,False,False,True,0.2946859903381643,0.5481652060326443,0.4733775137111517
0.5217391304347826,0.0,35423.5,0.0,0.3379830863517543,0.656307129798903,0.75,226.0,0.0,0.3333333333333333,False,False,True,0.17391304347826086,0.2237721398950292,0.7031535648994516
1.0,1.0,1156.0,1.0,0.47798403323596983,0.9396709323583182,0.875,43.0,1.0,0.3333333333333333,False,False,True,1.0,0.6037724555231011,0.9073354661791591
0.6086956521739131,0.0,51853.0,0.0,0.30181694353582894,0.9561243144424131,0.375,824.0,0.0,0.3333333333333333,True,False,False,0.2028985507246377,0.21171675895638742,0.6655621572212065
0.5869565217391305,0.0,58660.0,0.3333333333333333,0.6021655219239241,0.46435100548446073,0.0,397.0,0.0,1.0,False,True,False,0.3067632850241546,0.5340551739746414,0.23217550274223037
0.4565217391304348,0.0,69849.0,0.6666666666666666,0.04244578482602488,0.5521023765996343,0.75,341.0,1.0,0.6666666666666666,True,False,False,0.37439613526570054,0.5697041504975638,0.6510511882998171
0.673913043478261,0.0,83729.0,1.0,0.5091321851409765,0.09140767824497265,0.125,1339.0,0.0,0.6666666666666666,False,True,False,0.5579710144927537,0.3919329506025477,0.10820383912248632
0.673913043478261,0.0,19751.0,1.0,0.027851502819663206,0.34369287020109696,0.0,2318.0,0.0,1.0,False,False,True,0.5579710144927537,0.3426171676065544,0.17184643510054848
0.4565217391304348,0.0,66987.0,1.0,0.38033869316824087,0.7915904936014625,0.25,1270.0,0.0,0.6666666666666666,False,True,False,0.4855072463768116,0.3490017866116359,0.5207952468007313
0.8043478260869565,0.0,69609.0,1.0,0.15697716539649773,0.12065813528336378,0.625,1138.0,1.0,1.0,False,False,True,0.6014492753623188,0.7189923884654993,0.3728290676416819
0.5434782608695652,1.0,76991.0,1.0,0.4259859374790659,0.18098720292504578,0.75,461.0,0.0,0.6666666666666666,True,False,False,0.8478260869565218,0.36421753471524415,0.4654936014625229
0.4130434782608696,0.0,15604.0,1.0,0.913802375500689,0.943327239488117,1.0,833.0,0.0,0.3333333333333333,True,False,False,0.4710144927536232,0.4157119029446741,0.9716636197440585
0.9347826086956521,0.0,43510.0,1.0,0.1632117743362128,0.6160877513711153,0.5,1.0,1.0,0.6666666666666666,False,False,True,0.644927536231884,0.6099594803342931,0.5580438756855577
0.6304347826086956,1.0,22656.0,0.3333333333333333,0.34295163654748184,0.040219378427788,1.0,1209.0,0.0,0.0,True,False,False,0.6545893719806762,0.11431721218249395,0.520109689213894
0.9565217391304348,1.0,60035.0,0.3333333333333333,0.33802566805618756,0.4003656307129799,0.0,773.0,0.0,0.0,True,False,False,0.7632850241545893,0.11267522268539586,0.20018281535648996
0.6086956521739131,1.0,8804.0,0.3333333333333333,0.2461553844588485,0.5831809872029251,0.5,132.0,1.0,0.0,True,False,False,0.6473429951690821,0.4153851281529495,0.5415904936014626
0.5652173913043479,0.0,90885.0,0.3333333333333333,0.36372752028451455,0.07312614259597805,1.0,218.0,1.0,0.0,False,False,True,0.2995169082125604,0.45457584009483815,0.536563071297989
0.4347826086956522,0.0,34895.0,1.0,0.2668991285518357,0.9689213893967094,0.125,1219.0,1.0,0.3333333333333333,True,False,False,0.47826086956521746,0.5334108206283896,0.5469606946983547
0.13043478260869568,1.0,25249.0,1.0,0.34295163654748184,0.22303473491773307,0.125,74.0,1.0,1.0,True,False,False,0.7101449275362319,0.7809838788491605,0.17401736745886653
0.5217391304347826,1.0,25290.0,0.0,0.229767551864182,0.7349177330895796,0.375,559.0,1.0,0.0,False,False,True,0.5072463768115942,0.4099225172880607,0.5549588665447898
0.08695652173913049,1.0,26243.0,0.3333333333333333,0.04299228594548467,0.7934186471663619,0.125,609.0,1.0,1.0,False,True,False,0.4734299516908212,0.6809974286484949,0.45920932358318095
0.3913043478260869,1.0,1800.0,0.3333333333333333,0.28144004928457633,0.3747714808043876,0.25,1288.0,1.0,1.0,False,False,True,0.5748792270531401,0.7604800164281921,0.3123857404021938
0.7391304347826086,0.0,52996.0,0.3333333333333333,0.053794535629457726,0.08226691042047529,0.625,571.0,0.0,0.6666666666666666,True,False,False,0.357487922705314,0.2401537340987081,0.35363345521023765
0.8913043478260869,0.0,5800.0,1.0,0.2518855992908705,0.22120658135283366,0.875,610.0,0.0,0.0,False,True,False,0.6304347826086957,0.08396186643029017,0.5481032906764168
0.3913043478260869,1.0,35886.0,0.3333333333333333,0.5313739897217074,0.7239488117001828,0.125,1021.0,1.0,0.3333333333333333,False,False,True,0.5748792270531401,0.6215691076850135,0.4244744058500914
0.02173913043478265,1.0,3978.0,0.0,0.16739604922459006,0.3071297989031079,0.875,398.0,0.0,0.3333333333333333,True,False,False,0.34057971014492755,0.16690979418597443,0.5910648994515539
0.34782608695652173,0.0,35423.5,0.6666666666666666,0.3046404442418873,0.5521023765996343,0.0,1541.0,0.0,0.6666666666666666,False,True,False,0.33816425120772947,0.323769036969518,0.2760511882998172
0.15217391304347827,1.0,35423.5,0.3333333333333333,0.5446215056580921,0.8683729433272395,0.75,2822.0,1.0,0.0,False,False,True,0.49516908212560384,0.514873835219364,0.8091864716636197
0.32608695652173914,0.0,89609.0,0.0,0.25523646706174563,0.23948811700182815,1.0,448.0,0.0,0.3333333333333333,True,False,False,0.10869565217391304,0.19618993346502633,0.6197440585009141
0.7608695652173914,1.0,45695.0,0.6666666666666666,0.5354807174236558,0.7678244972577696,0.375,1819.0,1.0,0.3333333333333333,True,False,False,0.8091787439613527,0.6229380169189963,0.5714122486288848
0.5,0.0,44627.0,0.3333333333333333,0.14686505756889492,0.5521023765996343,0.875,282.0,1.0,1.0,False,False,True,0.27777777777777773,0.7156216858562984,0.7135511882998171
0.9565217391304348,0.0,11867.0,1.0,0.17393221596039152,0.29798903107861063,0.875,230.0,1.0,1.0,False,True,False,0.6521739130434783,0.7246440719867971,0.5864945155393053
0.8043478260869565,1.0,26399.0,0.3333333333333333,0.2805288558647606,0.2961608775137111,0.5,1881.0,1.0,0.3333333333333333,False,False,True,0.71256038647343,0.5379540630660312,0.39808043875685556
0.9130434782608696,1.0,74530.0,0.3333333333333333,0.19727651281306108,0.40585009140767825,0.625,1229.0,0.0,0.3333333333333333,False,True,False,0.7487922705314011,0.1768699487154648,0.5154250457038392
0.30434782608695654,1.0,109184.0,1.0,0.3534371873398255,0.08226691042047529,0.25,659.0,1.0,0.0,False,False,True,0.7681159420289855,0.45114572911327516,0.16613345521023765
0.5217391304347826,1.0,33724.0,0.6666666666666666,0.4577441164502555,0.8756855575868373,0.0,513.0,0.0,0.6666666666666666,False,False,True,0.7294685990338164,0.37480359437230737,0.43784277879341865
0.7173913043478262,0.0,97076.0,0.3333333333333333,0.1914246753938094,0.5521023765996343,0.0,63.0,1.0,0.3333333333333333,False,True,False,0.3502415458937198,0.5082526695757142,0.2760511882998172
0.6304347826086956,0.0,104589.0,1.0,0.19418548223041265,0.6453382084095064,0.875,776.0,0.0,0.6666666666666666,False,False,True,0.5434782608695652,0.2869507162990264,0.7601691042047531
0.0,0.0,126906.0,0.0,0.6529195932463208,0.5521023765996343,0.0,528.0,1.0,0.0,False,False,True,0.0,0.5509731977487736,0.2760511882998172
0.6521739130434783,1.0,35423.5,1.0,0.36508510852991677,0.09689213893967097,0.375,878.0,0.0,0.0,False,False,True,0.8840579710144928,0.12169503617663892,0.23594606946983548
0.6086956521739131,1.0,4504.0,0.3333333333333333,0.18504066946556888,0.31809872029250463,0.75,247.0,1.0,0.3333333333333333,True,False,False,0.6473429951690821,0.506124667599634,0.5340493601462524
0.4565217391304348,0.0,76315.0,0.3333333333333333,0.31278827835748013,0.9469835466179158,0.25,2611.0,1.0,0.6666666666666666,True,False,False,0.2632850241545894,0.6598183150080489,0.5984917733089579
0.6521739130434783,0.0,5496.0,0.6666666666666666,0.16543042894127022,0.6252285191956125,1.0,457.0,1.0,1.0,False,True,False,0.4396135265700483,0.7218101429804235,0.8126142595978063
0.15217391304347827,0.0,20815.0,0.3333333333333333,0.5223274820897619,0.7531992687385741,0.75,212.0,0.0,0.6666666666666666,False,False,True,0.16183574879227053,0.39633138291880954,0.751599634369287
0.08695652173913049,0.0,29264.0,0.6666666666666666,0.7082965576608555,0.9195612431444241,0.5,1188.0,0.0,0.6666666666666666,False,True,False,0.25120772946859904,0.45832107477584066,0.709780621572212
0.4565217391304348,1.0,36498.0,0.0,0.1560825831487225,0.09140767824497265,0.0,119.0,0.0,0.3333333333333333,True,False,False,0.4855072463768116,0.16313863882735194,0.04570383912248632
0.28260869565217395,1.0,5090.0,0.6666666666666666,0.2541636380365418,0.28519195612431447,0.125,660.0,0.0,1.0,False,True,False,0.6497584541062801,0.41805454601218056,0.20509597806215724
0.10869565217391308,1.0,14415.0,0.0,0.2378889727477414,0.5521023765996343,0.5,877.0,0.0,0.6666666666666666,False,True,False,0.3695652173913044,0.30151854647146936,0.5260511882998171
0.0,1.0,7741.0,0.3333333333333333,0.4585287531834289,0.5521023765996343,0.25,77.0,0.0,0.3333333333333333,True,False,False,0.4444444444444444,0.2639540288389208,0.4010511882998172
0.6304347826086956,0.0,17215.0,1.0,0.3108639760958457,0.3546617915904936,0.875,518.0,0.0,1.0,False,True,False,0.5434782608695652,0.4369546586986153,0.6148308957952469
0.5652173913043479,1.0,35423.5,0.3333333333333333,0.18825203791429476,0.2705667276051188,0.0,3005.0,1.0,0.6666666666666666,False,True,False,0.6328502415458938,0.6183062348603204,0.1352833638025594
0.7173913043478262,1.0,69029.0,1.0,0.34295163654748184,0.40402193784277884,0.375,650.0,1.0,0.0,True,False,False,0.9057971014492754,0.4476505455158273,0.3895109689213894
0.3913043478260869,0.0,10472.0,1.0,0.17351010782897167,0.7495429616087751,0.875,1121.0,1.0,0.3333333333333333,True,False,False,0.463768115942029,0.5022811470541017,0.8122714808043876
0.9347826086956521,0.0,2575.0,0.0,0.4345946336026764,0.7111517367458867,0.0,735.0,0.0,0.3333333333333333,False,False,True,0.3115942028985507,0.2559759889786699,0.35557586837294336
0.8260869565217392,1.0,70943.0,0.0,0.41800585615050534,0.08592321755027421,0.875,1160.0,0.0,0.0,False,False,True,0.6086956521739131,0.1393352853835018,0.4804616087751371
0.32608695652173914,1.0,68203.0,0.3333333333333333,0.05406260995566366,0.5795246800731261,0.625,282.0,1.0,0.0,False,True,False,0.5531400966183575,0.35135420331855455,0.602262340036563
0.6304347826086956,0.0,121607.0,0.6666666666666666,0.1877204201455467,0.5740402193784279,0.5,672.0,0.0,0.3333333333333333,False,True,False,0.4323671497584541,0.17368458449296,0.537020109689214
0.26086956521739135,0.0,10107.0,0.0,0.172716812721893,0.3711151736745887,0.25,1411.0,1.0,0.3333333333333333,False,True,False,0.08695652173913045,0.5020167153517421,0.31055758683729434
0.673913043478261,0.0,26943.0,0.3333333333333333,0.19554210703613997,0.4387568555758684,0.125,935.0,0.0,1.0,True,False,False,0.3357487922705314,0.39851403567871335,0.2818784277879342
0.8695652173913044,1.0,1922.0,0.6666666666666666,0.06846044944806266,0.6215722120658135,0.25,1030.0,1.0,0.3333333333333333,True,False,False,0.8454106280193238,0.46726459426046535,0.43578610603290674
0.9347826086956521,1.0,10341.0,0.0,0.27489960887081816,0.5521023765996343,0.0,556.0,0.0,0.0,False,True,False,0.644927536231884,0.09163320295693939,0.2760511882998172
0.13043478260869568,1.0,4782.0,0.0,0.6362689241037081,0.5521023765996343,0.125,406.0,1.0,0.0,False,False,True,0.3768115942028986,0.545422974701236,0.3385511882998172
0.0,0.0,55719.0,0.3333333333333333,0.6082900451132094,0.926873857404022,0.125,386.0,1.0,1.0,False,False,True,0.1111111111111111,0.8694300150377364,0.525936928702011
0.673913043478261,1.0,68499.0,0.3333333333333333,0.32408146911234664,0.2925045703839123,0.875,256.0,0.0,1.0,False,False,True,0.6690821256038647,0.4413604897041155,0.5837522851919561
0.5434782608695652,1.0,93982.0,0.3333333333333333,0.11339962535901096,0.08043875685557589,0.5,354.0,1.0,0.0,False,True,False,0.6256038647342995,0.3711332084530037,0.29021937842778794
0.4782608695652174,0.0,48650.0,0.3333333333333333,0.28140714941183176,0.6873857404021938,0.875,54.0,1.0,0.3333333333333333,False,False,True,0.2705314009661836,0.5382468275817217,0.7811928702010968
0.9130434782608696,1.0,15100.0,1.0,0.35746633197423777,0.5521023765996343,0.875,372.0,0.0,0.3333333333333333,False,True,False,0.9710144927536232,0.2302665551025237,0.7135511882998171
0.4565217391304348,1.0,26205.0,0.6666666666666666,0.4440838170575884,0.07678244972577697,0.0,1518.0,1.0,0.3333333333333333,False,False,True,0.7077294685990339,0.5924723834636406,0.038391224862888484
0.21739130434782616,0.0,35423.5,0.6666666666666666,0.35150593143291287,0.56672760511883,0.25,379.0,0.0,1.0,False,False,True,0.2946859903381643,0.45050197714430434,0.408363802559415
0.7173913043478262,1.0,35423.5,0.3333333333333333,0.5395170695562947,0.3272394881170019,1.0,378.0,1.0,1.0,True,False,False,0.6835748792270532,0.8465056898520983,0.663619744058501
0.5434782608695652,0.0,35423.5,0.0,0.2863917210666993,0.22486288848263258,0.375,522.0,1.0,1.0,False,False,True,0.18115942028985507,0.7621305736888998,0.2999314442413163
0.6956521739130435,0.0,7685.0,0.0,0.19090125870084984,0.6636197440585009,0.625,1001.0,1.0,1.0,False,True,False,0.2318840579710145,0.7303004195669499,0.6443098720292504
0.9130434782608696,1.0,50955.0,0.6666666666666666,0.46980746274388524,0.8299817184643511,0.5,3937.0,1.0,0.0,False,True,False,0.859903381642512,0.48993582091462845,0.6649908592321756
0.3695652173913043,0.0,55567.0,0.6666666666666666,0.1402496701052568,0.6453382084095064,0.625,96.0,1.0,0.0,False,True,False,0.34541062801932365,0.380083223368419,0.6351691042047531
0.02173913043478265,1.0,88630.0,0.6666666666666666,0.4059597925375662,0.6745886654478978,0.125,218.0,0.0,0.0,False,True,False,0.5628019323671497,0.1353199308458554,0.3997943327239489
0.6086956521739131,0.0,12283.0,0.3333333333333333,0.34295163654748184,0.6764168190127972,0.0,120.0,0.0,0.3333333333333333,False,False,True,0.3140096618357488,0.22542832329360504,0.3382084095063986
0.9347826086956521,0.0,23389.0,0.0,0.3536195862842388,0.06032906764168189,0.75,3145.0,1.0,1.0,False,True,False,0.3115942028985507,0.7845398620947462,0.40516453382084094
0.15217391304347827,1.0,7548.0,0.6666666666666666,0.06540388779237143,0.9378427787934186,0.5,864.0,0.0,1.0,False,True,False,0.606280193236715,0.3551346292641238,0.7189213893967092
0.8478260869565217,1.0,99368.0,0.0,0.5712803124539731,0.5246800731261426,0.625,120.0,1.0,0.0,False,True,False,0.6159420289855072,0.5237601041513243,0.5748400365630713
0.8478260869565217,1.0,3077.0,0.0,0.3844519497620184,0.5466179159049361,0.625,141.0,0.0,0.3333333333333333,False,False,True,0.6159420289855072,0.2392617610317839,0.5858089579524681
0.02173913043478265,0.0,51435.0,0.0,0.13788823592882818,0.16087751371115178,0.875,554.0,0.0,0.0,False,True,False,0.007246376811594217,0.04596274530960939,0.5179387568555759
0.9782608695652173,0.0,35423.5,1.0,0.4679230132618177,0.9616087751371115,0.5,324.0,0.0,0.3333333333333333,False,False,True,0.6594202898550724,0.2670854488650503,0.7308043875685557
0.06521739130434784,1.0,73254.0,0.3333333333333333,0.24602442982071826,0.24131627056672766,0.375,556.0,0.0,1.0,False,False,True,0.46618357487922707,0.4153414766069061,0.30815813528336383
0.5434782608695652,0.0,7208.0,0.0,0.28820535417186094,0.720292504570384,0.625,381.0,0.0,0.6666666666666666,True,False,False,0.18115942028985507,0.3182906736128425,0.6726462522851919
0.17391304347826086,1.0,2625.0,0.6666666666666666,0.6144796512380373,0.47166361974405857,1.0,154.0,1.0,0.6666666666666666,True,False,False,0.6135265700483091,0.7603821059682346,0.7358318098720293
0.13043478260869568,1.0,18284.0,0.0,0.09467486875684926,0.6599634369287021,0.0,1407.0,0.0,0.6666666666666666,True,False,False,0.3768115942028986,0.2537805118078386,0.32998171846435104
0.6956521739130435,0.0,69753.0,0.3333333333333333,0.19850306823900843,0.6983546617915904,0.25,210.0,0.0,0.6666666666666666,True,False,False,0.3429951690821256,0.28838991163522504,0.4741773308957952
0.34782608695652173,0.0,70038.0,0.6666666666666666,0.3225004771183994,0.7824497257769653,0.25,315.0,1.0,0.3333333333333333,False,True,False,0.33816425120772947,0.551944603483911,0.5162248628884827
1.0,0.0,39995.0,0.3333333333333333,0.6922584349582148,0.5521023765996343,0.125,1897.0,1.0,0.0,False,False,True,0.4444444444444444,0.5640861449860716,0.3385511882998172
0.8478260869565217,1.0,54211.0,0.0,0.7155134821850961,0.9689213893967094,0.125,896.0,1.0,0.6666666666666666,False,False,True,0.6159420289855072,0.7940600496172543,0.5469606946983547
0.19565217391304346,1.0,76478.0,0.6666666666666666,0.38000576343203335,0.6215722120658135,0.0,445.0,1.0,0.0,True,False,False,0.6207729468599034,0.4600019211440111,0.31078610603290674
0.02173913043478265,0.0,414.0,0.3333333333333333,0.5072206289236882,0.6215722120658135,0.375,301.0,1.0,0.6666666666666666,False,False,True,0.11835748792270533,0.7246290985301181,0.49828610603290674
0.9347826086956521,1.0,54302.0,0.3333333333333333,0.5646553815614679,0.11334552102376605,0.25,1256.0,0.0,0.3333333333333333,False,True,False,0.7560386473429951,0.2993295716316004,0.18167276051188302
0.7608695652173914,0.0,13686.0,1.0,0.39857315128157816,0.029250457038391242,0.5,1074.0,1.0,0.0,True,False,False,0.5869565217391305,0.4661910504271927,0.2646252285191956
0.7391304347826086,0.0,72392.0,1.0,0.5478205714721309,0.44789762340036565,0.5,2809.0,0.0,0.0,False,False,True,0.5797101449275363,0.18260685715737698,0.4739488117001828
0.9347826086956521,1.0,89154.0,0.3333333333333333,0.16853455498363906,0.5521023765996343,0.625,366.0,0.0,1.0,False,True,False,0.7560386473429951,0.38951151832787967,0.5885511882998171
0.3913043478260869,1.0,71196.0,0.6666666666666666,0.28364502567404626,0.486288848263254,0.0,365.0,0.0,0.6666666666666666,False,True,False,0.6859903381642511,0.31677056411357096,0.243144424131627
0.02173913043478265,0.0,68147.0,0.0,0.11527919127204778,0.15539305301645345,0.875,109.0,1.0,0.3333333333333333,True,False,False,0.007246376811594217,0.48287084153512705,0.5151965265082268
0.9130434782608696,0.0,16932.0,0.0,0.1602239873787578,0.5173674588665448,0.125,1042.0,0.0,0.0,False,True,False,0.30434782608695654,0.053407995792919265,0.3211837294332724
0.8043478260869565,0.0,30091.0,0.0,0.24275875896321214,0.8957952468007312,0.25,1.0,1.0,1.0,True,False,False,0.26811594202898553,0.7475862529877374,0.5728976234003655
0.06521739130434784,1.0,15869.0,0.0,0.26496275327960095,0.9817184643510054,0.375,1156.0,1.0,0.6666666666666666,False,True,False,0.35507246376811596,0.6438764733154225,0.6783592321755028
0.4565217391304348,1.0,23048.0,0.3333333333333333,0.0913681793426996,0.5319926873857405,0.75,689.0,1.0,1.0,False,True,False,0.5966183574879227,0.6971227264475665,0.6409963436928703
0.06521739130434784,0.0,66896.0,1.0,0.28790515280538753,0.2705667276051188,0.625,2242.0,0.0,0.6666666666666666,False,True,False,0.35507246376811596,0.3181906064906847,0.4477833638025594
0.5,0.0,20602.0,0.6666666666666666,0.4164421756158495,0.08592321755027421,0.625,327.0,0.0,0.6666666666666666,False,False,True,0.38888888888888884,0.3610362807608387,0.3554616087751371
0.8260869565217392,0.0,13820.0,1.0,0.4867381666768758,0.42230347349177333,0.625,591.0,1.0,1.0,True,False,False,0.6086956521739131,0.8289127222256253,0.5236517367458866
0.10869565217391308,1.0,79695.0,0.3333333333333333,0.1867808903638106,0.08226691042047529,0.875,136.0,0.0,0.3333333333333333,True,False,False,0.48067632850241543,0.17337140789904795,0.47863345521023765
0.28260869565217395,1.0,75462.0,0.3333333333333333,0.18971450822523298,0.8171846435100548,0.5,491.0,1.0,0.3333333333333333,True,False,False,0.538647342995169,0.5076826138528554,0.6585923217550274
0.30434782608695654,1.0,94604.0,0.0,0.3529234249354574,0.5521023765996343,0.25,1341.0,1.0,0.3333333333333333,False,True,False,0.43478260869565216,0.5620855860895969,0.4010511882998172
0.7826086956521738,0.0,57562.0,0.6666666666666666,0.23894118992100488,0.20475319926873858,0.25,1076.0,0.0,0.6666666666666666,False,False,True,0.48309178743961345,0.3018692855292238,0.2273765996343693
0.3913043478260869,0.0,12487.0,0.0,0.5211325821848578,0.14990859232175502,0.25,240.0,1.0,0.3333333333333333,False,False,True,0.13043478260869565,0.6181553051727303,0.1999542961608775
0.5217391304347826,1.0,18434.0,1.0,0.5768822207872901,0.2102376599634369,0.875,393.0,1.0,0.0,False,False,True,0.8405797101449276,0.5256274069290967,0.5426188299817185
0.8478260869565217,1.0,48032.0,0.0,0.49586577229199397,0.9707495429616088,0.75,120.0,0.0,1.0,True,False,False,0.6159420289855072,0.4986219240973313,0.8603747714808043
0.15217391304347827,0.0,56015.0,0.6666666666666666,0.5216837552142937,0.5521023765996343,0.125,224.0,1.0,0.3333333333333333,False,False,True,0.27294685990338163,0.6183390295158756,0.3385511882998172
0.21739130434782616,0.0,35423.5,0.3333333333333333,0.9474245735976188,0.9817184643510054,0.0,311.0,0.0,0.3333333333333333,False,False,True,0.18357487922705315,0.42691930231031733,0.4908592321755027
0.9347826086956521,1.0,69793.0,0.6666666666666666,0.17979218664474947,0.5521023765996343,0.0,199.0,1.0,0.0,False,False,True,0.8671497584541062,0.39326406221491644,0.2760511882998172
0.9565217391304348,0.0,91497.0,0.6666666666666666,0.5943963719555665,0.5521023765996343,0.375,961.0,1.0,0.0,False,False,True,0.5410628019323672,0.5314654573185221,0.4635511882998172
0.30434782608695654,1.0,7793.0,0.6666666666666666,0.2962118577529199,0.012797074954296161,0.375,600.0,0.0,0.0,False,True,False,0.6570048309178743,0.09873728591763997,0.19389853747714808
0.6304347826086956,0.0,2369.0,0.6666666666666666,0.21516049516615116,0.46617915904936014,0.0,387.0,1.0,1.0,True,False,False,0.4323671497584541,0.7383868317220504,0.23308957952468007
0.5652173913043479,1.0,49694.0,0.6666666666666666,0.18251757171574834,0.7294332723948812,0.125,2149.0,0.0,0.6666666666666666,False,True,False,0.7439613526570049,0.2830614127941383,0.4272166361974406
1.0,1.0,37369.0,0.6666666666666666,0.5386367698511245,0.7276051188299818,0.625,2995.0,1.0,0.6666666666666666,True,False,False,0.8888888888888888,0.7351011455059303,0.676302559414991
0.8260869565217392,1.0,24061.0,0.6666666666666666,0.443388086689887,0.2303473491773309,0.875,257.0,0.0,0.0,False,False,True,0.8309178743961353,0.147796028896629,0.5526736745886655
0.17391304347826086,1.0,44047.0,0.0,0.35214745534928643,0.9707495429616088,0.625,2272.0,0.0,1.0,False,True,False,0.3913043478260869,0.45071581844976216,0.7978747714808043
0.7608695652173914,0.0,35423.5,0.0,0.20241615066374666,0.7934186471663619,0.375,688.0,1.0,1.0,False,True,False,0.2536231884057971,0.7341387168879155,0.5842093235831809
0.32608695652173914,0.0,40545.0,0.6666666666666666,0.4286260622828384,0.7440585009140769,0.0,684.0,0.0,0.3333333333333333,False,True,False,0.33091787439613524,0.25398646520539053,0.37202925045703844
0.30434782608695654,0.0,39379.0,0.6666666666666666,0.3244031750921838,0.5758683729433273,0.625,636.0,1.0,0.3333333333333333,True,False,False,0.32367149758454106,0.552578836141839,0.6004341864716636
0.5,0.0,26315.0,1.0,0.7058019243897244,0.5521023765996343,0.875,2799.0,0.0,0.0,False,True,False,0.5,0.23526730812990815,0.7135511882998171
0.30434782608695654,1.0,28022.0,1.0,0.6570682888771553,0.1663619744058501,0.75,1852.0,0.0,0.0,True,False,False,0.7681159420289855,0.21902276295905176,0.45818098720292505
0.9565217391304348,0.0,5835.0,0.3333333333333333,0.4522627907779178,0.23400365630712983,0.25,235.0,0.0,1.0,False,True,False,0.429951690821256,0.4840875969259726,0.2420018281535649
0.9130434782608696,0.0,10092.0,0.6666666666666666,0.4430531281750181,0.486288848263254,0.125,2026.0,0.0,1.0,False,True,False,0.5265700483091788,0.4810177093916727,0.305644424131627
0.4130434782608696,1.0,95791.0,0.6666666666666666,0.7914644756871745,0.416819012797075,0.375,2602.0,1.0,1.0,False,False,True,0.6932367149758454,0.9304881585623915,0.3959095063985375
0.34782608695652173,0.0,16486.0,1.0,0.5530949913402174,0.5521023765996343,0.0,2393.0,0.0,0.3333333333333333,False,True,False,0.4492753623188406,0.2954761082245169,0.2760511882998172
0.21739130434782616,1.0,55286.0,0.3333333333333333,0.34744622406355324,0.04753199268738573,0.5,968.0,1.0,0.0,False,True,False,0.5169082125603864,0.4491487413545177,0.27376599634369286
0.6304347826086956,0.0,40539.0,0.3333333333333333,0.3543089753235771,0.08775137111517373,0.5,109.0,1.0,0.6666666666666666,False,True,False,0.3212560386473429,0.6736585473300812,0.29387568555758686
0.9347826086956521,1.0,36404.0,0.6666666666666666,0.27920649574581957,0.13528336380255945,1.0,1126.0,0.0,0.6666666666666666,False,False,True,0.8671497584541062,0.3152910541374954,0.5676416819012797
0.34782608695652173,1.0,8162.0,0.6666666666666666,0.5267380547836489,0.07495429616087756,0.375,414.0,0.0,0.3333333333333333,False,True,False,0.6714975845410628,0.28669046270566073,0.22497714808043878
0.8695652173913044,0.0,5667.0,1.0,0.5258673673748231,0.8043875685557588,0.75,1843.0,1.0,0.0,False,True,False,0.6231884057971014,0.5086224557916077,0.7771937842778793
0.043478260869565244,0.0,92696.0,1.0,0.09304117755571825,0.5393053016453383,0.0,682.0,1.0,1.0,False,False,True,0.34782608695652173,0.6976803925185727,0.26965265082266915
0.8478260869565217,1.0,8751.0,1.0,0.06286661407267322,0.020109689213894,0.75,102.0,0.0,0.3333333333333333,False,False,True,0.9492753623188405,0.1320666491353355,0.385054844606947
0.4347826086956522,0.0,131479.0,0.0,0.49482122685041835,0.13893967093235837,0.625,1580.0,0.0,1.0,True,False,False,0.14492753623188406,0.4982737422834728,0.3819698354661792
0.8695652173913044,0.0,74841.0,1.0,0.19137457890704002,0.5521023765996343,0.125,3431.0,0.0,0.0,True,False,False,0.6231884057971014,0.06379152630234668,0.3385511882998172
0.08695652173913049,0.0,24051.0,0.3333333333333333,0.3368065111499372,0.1864716636197441,0.625,1184.0,1.0,0.3333333333333333,True,False,False,0.14009661835748793,0.5567132814944235,0.40573583180987205
0.673913043478261,1.0,49362.0,0.0,0.1782027832761717,0.5521023765996343,0.5,536.0,0.0,0.6666666666666666,False,True,False,0.5579710144927537,0.2816231499809461,0.5260511882998171
0.4782608695652174,0.0,53128.0,1.0,0.6230060900213115,0.9287020109689214,0.375,1972.0,1.0,0.0,False,False,True,0.49275362318840576,0.5410020300071038,0.6518510054844606
0.08695652173913049,1.0,61828.0,0.3333333333333333,0.24904417111406196,0.5009140767824497,0.5,1267.0,0.0,0.3333333333333333,False,True,False,0.4734299516908212,0.19412583481579845,0.5004570383912248
0.28260869565217395,0.0,23401.0,1.0,0.4133210023681954,0.46435100548446073,0.125,223.0,1.0,0.0,False,True,False,0.4275362318840579,0.4711070007893985,0.29467550274223037
0.5,0.0,1117.0,1.0,0.4438227876444675,0.5521023765996343,0.75,149.0,1.0,0.0,False,False,True,0.5,0.4812742625481558,0.6510511882998171
0.6521739130434783,1.0,4648.0,0.3333333333333333,0.1977731460374269,0.4808043875685558,0.375,1453.0,0.0,0.0,False,False,True,0.6618357487922705,0.06592438201247564,0.4279021937842779
0.6086956521739131,1.0,10994.0,0.0,0.4829634933913738,0.2961608775137111,0.75,565.0,1.0,0.3333333333333333,False,True,False,0.5362318840579711,0.6054322755749023,0.5230804387568555
0.7608695652173914,0.0,35423.5,0.3333333333333333,0.19131578744964153,0.5521023765996343,0.5,1252.0,0.0,0.0,True,False,False,0.3647342995169082,0.06377192914988052,0.5260511882998171
0.15217391304347827,1.0,135203.0,1.0,0.34295163654748184,0.19744058500914075,0.0,1536.0,0.0,0.3333333333333333,True,False,False,0.7173913043478262,0.22542832329360504,0.09872029250457037
0.3913043478260869,0.0,108010.0,1.0,0.44545220596466856,0.029250457038391242,0.5,777.0,1.0,0.3333333333333333,False,False,True,0.463768115942029,0.5929285130993339,0.2646252285191956
0.9347826086956521,1.0,39309.0,1.0,0.4947391215163211,0.6252285191956125,1.0,804.0,1.0,0.6666666666666666,True,False,False,0.9782608695652174,0.7204685960609959,0.8126142595978063
0.8043478260869565,1.0,22586.0,0.0,0.18965453685128578,0.2961608775137111,0.625,522.0,1.0,0.0,False,True,False,0.6014492753623188,0.39655151228376195,0.46058043875685556
0.5869565217391305,0.0,87435.0,0.6666666666666666,0.5022431204264719,0.5521023765996343,0.625,573.0,0.0,0.0,False,False,True,0.4178743961352657,0.16741437347549062,0.5885511882998171
0.8478260869565217,1.0,41346.0,0.3333333333333333,0.608871524207375,0.926873857404022,0.375,830.0,0.0,0.0,False,False,True,0.7270531400966184,0.20295717473579167,0.650936928702011
0.8260869565217392,0.0,27143.0,0.6666666666666666,0.041833628631139444,0.6946983546617916,0.75,180.0,1.0,1.0,True,False,False,0.4975845410628019,0.6806112095437132,0.7223491773308959
0.3913043478260869,1.0,3219.0,0.6666666666666666,0.22837184259796312,0.21389396709323583,0.625,901.0,1.0,0.0,False,True,False,0.6859903381642511,0.4094572808659877,0.4194469835466179
0.4782608695652174,0.0,99042.0,0.6666666666666666,0.3086075908657307,0.06581352833638032,0.125,330.0,0.0,0.3333333333333333,False,True,False,0.38164251207729466,0.21398030806635468,0.09540676416819016
0.4347826086956522,1.0,58836.0,0.3333333333333333,0.645914923881419,0.22486288848263258,0.25,1911.0,1.0,1.0,False,True,False,0.5893719806763286,0.8819716412938062,0.2374314442413163
0.13043478260869568,1.0,31333.0,1.0,0.34295163654748184,0.9890310786106032,0.375,1852.0,1.0,1.0,False,True,False,0.7101449275362319,0.7809838788491605,0.6820155393053016
0.32608695652173914,1.0,73353.0,1.0,0.25483852978596055,0.6544789762340036,0.875,946.0,0.0,0.0,True,False,False,0.7753623188405797,0.08494617659532018,0.7647394881170018
0.8695652173913044,1.0,35423.5,0.6666666666666666,0.6233295792564233,0.1864716636197441,0.0,514.0,0.0,0.0,False,True,False,0.8454106280193238,0.20777652641880776,0.09323583180987205
0.7826086956521738,0.0,131160.0,0.3333333333333333,0.4714504001378556,0.9213893967093235,0.875,427.0,1.0,1.0,False,False,True,0.37198067632850235,0.8238168000459519,0.8981946983546618
1.0,0.0,44474.0,0.3333333333333333,0.19123193096318017,0.720292504570384,0.375,1324.0,1.0,0.0,False,True,False,0.4444444444444444,0.3970773103210601,0.5476462522851919
0.7173913043478262,1.0,6594.0,0.3333333333333333,0.40026174976692663,0.09689213893967097,1.0,3505.0,0.0,1.0,False,False,True,0.6835748792270532,0.4667539165889756,0.5484460694698354
0.02173913043478265,1.0,29401.0,0.6666666666666666,0.29748845461287093,0.40585009140767825,0.625,3797.0,0.0,0.0,True,False,False,0.5628019323671497,0.0991628182042903,0.5154250457038392
0.5652173913043479,0.0,83196.0,0.3333333333333333,0.09224470627083516,0.5521023765996343,1.0,304.0,0.0,0.6666666666666666,True,False,False,0.2995169082125604,0.2529704576458339,0.7760511882998171
0.6304347826086956,1.0,125057.0,0.0,0.48861707922287073,0.46800731261425954,0.375,681.0,0.0,1.0,False,True,False,0.5434782608695652,0.49620569307429024,0.42150365630712977
0.4347826086956522,1.0,34682.0,0.3333333333333333,0.1349558068381397,0.3711151736745887,0.125,440.0,0.0,0.3333333333333333,False,False,True,0.5893719806763286,0.15609638005715767,0.24805758683729434
0.5434782608695652,0.0,24169.0,0.3333333333333333,0.22098214280218928,0.8117001828153566,0.5,813.0,0.0,1.0,True,False,False,0.29227053140096615,0.4069940476007297,0.6558500914076784
0.8260869565217392,0.0,16272.0,0.0,0.336076837336129,0.04570383912248632,0.375,129.0,1.0,0.3333333333333333,True,False,False,0.27536231884057977,0.5564700568898208,0.21035191956124316
0.5434782608695652,0.0,74159.0,0.3333333333333333,0.5083850989322758,0.5996343692870202,0.0,1603.0,0.0,0.6666666666666666,True,False,False,0.29227053140096615,0.3916839218663141,0.2998171846435101
0.9347826086956521,1.0,59580.0,0.0,0.4363963825347121,0.6453382084095064,0.375,1251.0,0.0,0.3333333333333333,False,True,False,0.644927536231884,0.25657657195601513,0.5101691042047531
0.5217391304347826,1.0,39036.0,0.0,0.42755030306956204,0.07861060329067648,0.375,48.0,0.0,0.3333333333333333,True,False,False,0.5072463768115942,0.2536278788009651,0.22680530164533824
0.15217391304347827,0.0,27773.0,0.6666666666666666,0.2135415981997342,0.23400365630712983,1.0,1438.0,1.0,0.0,False,False,True,0.27294685990338163,0.4045138660665781,0.617001828153565
0.7608695652173914,1.0,47840.0,0.0,0.5532238363521544,0.7184643510054846,0.875,1090.0,1.0,0.6666666666666666,True,False,False,0.5869565217391305,0.7399635010062736,0.7967321755027423
0.15217391304347827,1.0,85928.0,1.0,0.5281936931909359,0.24497257769652647,0.5,975.0,0.0,1.0,False,False,True,0.7173913043478262,0.509397897730312,0.37248628884826324
0.15217391304347827,0.0,35423.5,1.0,0.07429007632894415,0.8683729433272395,0.875,938.7835671342685,1.0,0.3333333333333333,False,False,True,0.38405797101449274,0.46920780322075917,0.8716864716636197
0.7391304347826086,0.0,16070.0,0.6666666666666666,0.2573821776000683,0.7787934186471664,0.125,338.0,1.0,0.6666666666666666,False,False,True,0.46859903381642515,0.6413496147555783,0.4518967093235832
0.8478260869565217,1.0,9362.0,0.6666666666666666,0.2879803491797677,0.3948811700182816,0.125,911.0,0.0,1.0,False,False,True,0.8381642512077295,0.42932678305992256,0.2599405850091408
0.02173913043478265,0.0,80123.0,1.0,0.47548681979142354,0.8482632541133456,0.75,0.0,1.0,0.6666666666666666,False,False,True,0.34057971014492755,0.7140511621526967,0.7991316270566728
0.5869565217391305,0.0,10771.0,0.6666666666666666,0.27072359147096237,0.5521023765996343,0.25,1284.0,1.0,0.0,False,True,False,0.4178743961352657,0.42357453049032073,0.4010511882998172
0.9782608695652173,0.0,10987.0,0.0,0.33917266557709513,0.06946983546617913,0.375,597.0,1.0,0.0,False,False,True,0.3260869565217391,0.4463908885256984,0.22223491773308957
